RetailerGLN,Retailer,ShipmentNumber,OrderDate,CustomerGLN,CustomerNumber,CustomerLookupName,Crop,PlantingYear,UOM,ItemNumber,Description,ShortDescription,SeedBrand,SeedTrait,SeedTreatments,LotId,DisplayDescription,Quantity,Status,SeqCode
1100020897099,CROPS 63 SEED HUB,6683386,20210305,  1100019216863,2001985,BACON SETH,CORN,2021,BG,00884464676298,CN CP5370VT2P/RIB ACCPFCB50,CN CP5370V,CROPLAN,VT2P-RIB,ACCELERON,81AA5325B,CN CP5370V-81AA5325B,50,S,1
1100020897099,CROPS 63 SEED HUB,6683386,20210305,  1100019216863,2001985,BACON SETH,CORN,2021,BG,00884464768887,CN CP5550VT2P/RIB FPCPR2CB50,CN CP5550V,CROPLAN,VT2P-RIB,FORTIVENT PLUS,01FV6127B,CN CP5550V-01FV6127B,50,S,4
1100020897099,CROPS 63 SEED HUB,6683405,20210308,  1100065959134,2003288,TERREMAX FARMS LLC,CORN,2021,UN,00190794459853,DKC63-58 AF2 SP50U ELT500 B-E,DKC63-58 A,DEKALB,CONV,500+B360+ENHANCED DISEASE,H21HDW9JX,DKC63-58 A-H21HDW9JX,50,S,1
1100020897099,CROPS 63 SEED HUB,6683405,20210308,  1100065959134,2003288,TERREMAX FARMS LLC,CORN,2021,UN,00190794459877,DKC63-58 AR2 SP45 ELT500 B-E,DKC63-58 A,DEKALB,CONV,500+B360+ENHANCED DISEASE,H21HAC9JX,DKC63-58 A-H21HAC9JX,90,S,6
1100020897099,CROPS 63 SEED HUB,6683405,20210308,  1100065959134,2003288,TERREMAX FARMS LLC,CORN,2021,UN,00190794459877,DKC63-58 AR2 SP45 ELT500 B-E,DKC63-58 A,DEKALB,CONV,500+B360+ENHANCED DISEASE,H21H1L9JX,DKC63-58 A-H21H1L9JX,45,S,11
1100020897099,CROPS 63 SEED HUB,6683405,20210308,  1100065959134,2003288,TERREMAX FARMS LLC,CORN,2021,UN,00190794459952,DKC65-92 AR2 SP45 ELT500 B-E,DKC65-92 A,DEKALB,CONV,500+B360+ENHANCED DISEASE,H22YXD4JX,DKC65-92 A-H22YXD4JX,45,S,16
1100020897099,CROPS 63 SEED HUB,6683405,20210308,  1100065959134,2003288,TERREMAX FARMS LLC,CORN,2021,UN,00190794459945,DKC65-92 AR SP50U ELT500 B-E,DKC65-92 A,DEKALB,CONV,500+B360+ENHANCED DISEASE,H22Y1J7JX,DKC65-92 A-H22Y1J7JX,50,S,21
1100020897099,CROPS 63 SEED HUB,6683405,20210308,  1100065959134,2003288,TERREMAX FARMS LLC,CORN,2021,UN,00190794459938,DKC65-92 AF2 SP50U ELT500 B-E,DKC65-92 A,DEKALB,CONV,500+B360+ENHANCED DISEASE,H22YHX3JX,DKC65-92 A-H22YHX3JX,100,S,26
1100020897099,CROPS 63 SEED HUB,6683405,20210308,  1100065959134,2003288,TERREMAX FARMS LLC,CORN,2021,BG,00190794459891,DKC65-92 AF2 80M ELT500 B-E,DKC65-92 A,DEKALB,CONV,500+B360+ENHANCED DISEASE,H22YJ73JX,DKC65-92 A-H22YJ73JX,50,S,31
1100020897099,CROPS 63 SEED HUB,6683405,20210308,  1100065959134,2003288,TERREMAX FARMS LLC,CORN,2021,BG,00190794459839,DKC63-58 AR2 80M ELT500 B-E,DKC63-58 A,DEKALB,CONV,500+B360+ENHANCED DISEASE,H21HFH9JX,DKC63-58 A-H21HFH9JX,15,S,36
1100020897099,CROPS 63 SEED HUB,6683378,20210305,  1100023519417,2003570,BERGER CHAD,CORN,2021,UN,00190794139953,DKC63-57RIB AR2 VT2P SP45 ELT500 B-E,DKC63-57RI,DEKALB,VT2P-RIB,500+B360+ENHANCED DISEASE,H35YMX9JX,DKC63-57RI-H35YMX9JX,45,S,1
1100020897099,CROPS 63 SEED HUB,6683378,20210305,  1100023519417,2003570,BERGER CHAD,CORN,2021,BG,00884464755269,CN CP5370VT2P/RIB FPCPF280M,CN CP5370V,CROPLAN,VT2P-RIB,FORTIVENT PLUS,01FE5047,CN CP5370V-01FE5047,25,S,5
1100020897099,CROPS 63 SEED HUB,6683378,20210305,  1100023519417,2003570,BERGER CHAD,CORN,2021,BG,00190794139915,DKC63-57RIB AF2 VT2P 80M ELT500 B-E,DKC63-57RI,DEKALB,VT2P-RIB,500+B360+ENHANCED DISEASE,H35YVC3JX,DKC63-57RI-H35YVC3JX,10,S,9
1100020897099,CROPS 63 SEED HUB,6683378,20210305,  1100023519417,2003570,BERGER CHAD,CORN,2021,BG,00190794139922,DKC63-57RIB AR2 VT2P 80M ELT500 B-E,DKC63-57RI,DEKALB,VT2P-RIB,500+B360+ENHANCED DISEASE,H35YWV3JX,DKC63-57RI-H35YWV3JX,5,S,13
1100020897099,CROPS 63 SEED HUB,6683378,20210305,  1100023519417,2003570,BERGER CHAD,CORN,2021,BG,00190794191531,DKC61-41RIB AR2 VT2P 80M ELT500 B-E,DKC61-41RI,DEKALB,VT2P-RIB,500+B360+ENHANCED DISEASE,H37TFH9JX,DKC61-41RI-H37TFH9JX,5,S,17
1100020897099,CROPS 63 SEED HUB,6683378,20210305,  1100023519417,2003570,BERGER CHAD,CORN,2021,UN,00190794191562,DKC61-41RIB AR2 VT2P SP45 ELT500 B-E,DKC61-41RI,DEKALB,VT2P-RIB,500+B360+ENHANCED DISEASE,H38YJF4JX,DKC61-41RI-H38YJF4JX,45,S,21
1100020897099,CROPS 63 SEED HUB,6683378,20210305,  1100023519417,2003570,BERGER CHAD,CORN,2021,UN,00888346315381,DKC57-99RIB AF DGVT2P SP50 BAS250 B,DKC57-99RI,DEKALB,VT2P/DG-RIB,ACCELERON 250+B300,754WK14JX,DKC57-99RI-754WK14JX,50,S,25
1100020897099,CROPS 63 SEED HUB,6683378,20210305,  1100023519417,2003570,BERGER CHAD,CORN,2021,BG,00884464755276,CN CP5370VT2P/RIB FPCPF2CB50,CN CP5370V,CROPLAN,VT2P-RIB,FORTIVENT PLUS,01FM3024B,CN CP5370V-01FM3024B,50,S,29
1100020897099,CROPS 63 SEED HUB,6683387,20210305,  1100039124599,2008040,CARLSON JASON,CORN,2021,UN,00190794191784,DKC63-91RIB AR2 VT2P SP45 ELT500 B-E,DKC63-91RI,DEKALB,VT2P-RIB,500+B360+ENHANCED DISEASE,H35YEE3JX,DKC63-91RI-H35YEE3JX,180,S,1
1100020897099,CROPS 63 SEED HUB,6683387,20210305,  1100039124599,2008040,CARLSON JASON,CORN,2021,BG,00190794191753,DKC63-91RIB AR2 VT2P 80M ELT500 B-E,DKC63-91RI,DEKALB,VT2P-RIB,500+B360+ENHANCED DISEASE,H35NKK3JX,DKC63-91RI-H35NKK3JX,20,S,6
1100020897099,CROPS 63 SEED HUB,6683315,20210210,  1100020418362,2008405,CASS CHAD A,CORN,2021,UN,00190794483766,DKC61-98RIB AF VT2P 50USP ELT500 B-E,DKC61-98RI,DEKALB,VT2P-RIB,500+B360+ENHANCED DISEASE,H22YKC9JX,DKC61-98RI-H22YKC9JX,50,S,1
1100020897099,CROPS 63 SEED HUB,6683311,20210205,  1100069363562,2013610,DICKEY MICHAEL,CORN,2021,BG,00190794335164,DKC60-80RIB AF VT2P 80M ELT500 B-E,DKC60-80RI,DEKALB,VT2P-RIB,500+B360+ENHANCED DISEASE,H21N9P7JX,DKC60-80RI-H21N9P7JX,150,S,1
1100020897099,CROPS 63 SEED HUB,6683311,20210205,  1100069363562,2013610,DICKEY MICHAEL,CORN,2021,BG,00190794191326,DKC59-82RIB AF VT2P 80M ELT500 B-E,DKC59-82RI,DEKALB,VT2P-RIB,500+B360+ENHANCED DISEASE,H39YNF4JX,DKC59-82RI-H39YNF4JX,100,S,6
1100020897099,CROPS 63 SEED HUB,6683311,20210205,  1100069363562,2013610,DICKEY MICHAEL,CORN,2021,BG,00190794483759,DKC61-98RIB AF VT2P 80M ELT500 B-E,DKC61-98RI,DEKALB,VT2P-RIB,500+B360+ENHANCED DISEASE,H22YLT4JX,DKC61-98RI-H22YLT4JX,150,S,11
1100020897099,CROPS 63 SEED HUB,6683311,20210205,  1100069363562,2013610,DICKEY MICHAEL,CORN,2021,BG,00190794150231,DKC62-53RIB AF2 VT2P 80M ELT500 B-E,DKC62-53RI,DEKALB,VT2P-RIB,500+B360+ENHANCED DISEASE,H28YJP3JX,DKC62-53RI-H28YJP3JX,150,S,16
1100020897099,CROPS 63 SEED HUB,6683311,20210205,  1100069363562,2013610,DICKEY MICHAEL,CORN,2021,BG,00190794139939,DKC63-57RIB AF VT2P 80M ELT500 B-E,DKC63-57RI,DEKALB,VT2P-RIB,500+B360+ENHANCED DISEASE,H35Y1V4JX,DKC63-57RI-H35Y1V4JX,196,S,21
1100020897099,CROPS 63 SEED HUB,6683311,20210205,  1100069363562,2013610,DICKEY MICHAEL,CORN,2021,BG,00190794139939,DKC63-57RIB AF VT2P 80M ELT500 B-E,DKC63-57RI,DEKALB,VT2P-RIB,500+B360+ENHANCED DISEASE,H35NA19JX,DKC63-57RI-H35NA19JX,4,S,26
1100020897099,CROPS 63 SEED HUB,6683376,20210304,  1100032313433,2025833,INGRAM REID L,CORN,2021,UN,00190794183635,DKC63-90RIB AF SS RIB SP50 ELT500 B-E,DKC63-90RI,DEKALB,SSPRIB,ACCELERON500+B300+ENHANCED DIS,H21HCC4JX,DKC63-90RI-H21HCC4JX,50,S,1
1100020897099,CROPS 63 SEED HUB,6683376,20210304,  1100032313433,2025833,INGRAM REID L,CORN,2021,UN,00190794184953,DKC66-17RIB AF SS RIB SP50 ELT500 B-E,DKC66-17RI,DEKALB,SSPRIB,ACCELERON500+B300+ENHANCED DIS,786W4H7JX,DKC66-17RI-786W4H7JX,50,S,6
1100020897099,CROPS 63 SEED HUB,6683373,20210304,  1100019353926,2027837,KELTZ BENNIE,CORN,2021,BG,00884464789509,CN CP5115VT2P/RIB FPCPR80M,CN CP5115V,CROPLAN,VT2P-RIB,FORTIVENT PLUS,01FA6086,CN CP5115V-01FA6086,56,S,1
1100020897099,CROPS 63 SEED HUB,6683373,20210304,  1100019353926,2027837,KELTZ BENNIE,CORN,2021,BG,00884464675307,CN CP4997VT2P/RIB ACCPF80M,CN CP4997V,CROPLAN,VT2P-RIB,ACCELERON,81AA5363,CN CP4997V-81AA5363,19,S,4
1100020897099,CROPS 63 SEED HUB,6683381,20210305,  1100020046367,2031655,LOUGH JEFFREY A,CORN,2021,BG,00884464789530,CN CP5115VT2P/RIB FPCPF2CB50,CN CP5115V,CROPLAN,VT2P-RIB,FORTIVENT PLUS,01FV3029B,CN CP5115V-01FV3029B,100,S,1
1100020897099,CROPS 63 SEED HUB,6683381,20210305,  1100020046367,2031655,LOUGH JEFFREY A,CORN,2021,BG,00884464753449,CN CP4997VT2P/RIB FPCPF2CB50,CN CP4997V,CROPLAN,VT2P-RIB,FORTIVENT PLUS,01FV3044CB,CN CP4997V-01FV3044CB,50,S,6
1100020897099,CROPS 63 SEED HUB,6683381,20210305,  1100020046367,2031655,LOUGH JEFFREY A,CORN,2021,BG,00884464754750,CN CP5340VT2P/RIB FPCPF2CB50,CN CP5340V,CROPLAN,VT2P-RIB,FORTIVENT PLUS,01FM3077B,CN CP5340V-01FM3077B,100,S,11
1100020897099,CROPS 63 SEED HUB,6683381,20210305,  1100020046367,2031655,LOUGH JEFFREY A,CORN,2021,BG,00884464768863,CN CP5550VT2P/RIB FPCPF2CB50,CN CP5550V,CROPLAN,VT2P-RIB,FORTIVENT PLUS,01FV3126B,CN CP5550V-01FV3126B,100,S,16
1100020897099,CROPS 63 SEED HUB,6683381,20210305,  1100020046367,2031655,LOUGH JEFFREY A,CORN,2021,BG,00884464755276,CN CP5370VT2P/RIB FPCPF2CB50,CN CP5370V,CROPLAN,VT2P-RIB,FORTIVENT PLUS,01FM3008B,CN CP5370V-01FM3008B,150,S,21
1100020897099,CROPS 63 SEED HUB,6683381,20210305,  1100020046367,2031655,LOUGH JEFFREY A,CORN,2021,UN,00190794139960,DKC63-57RIB AF2 VT2P SP50 ELT500 B-E,DKC63-57RI,DEKALB,VT2P-RIB,500+B360+ENHANCED DISEASE,H21H334JX,DKC63-57RI-H21H334JX,50,S,26
1100020897099,CROPS 63 SEED HUB,6683381,20210305,  1100020046367,2031655,LOUGH JEFFREY A,CORN,2021,UN,00190794191791,DKC63-91RIB AF2 VT2P SP50 ELT500 B-E,DKC63-91RI,DEKALB,VT2P-RIB,500+B360+ENHANCED DISEASE,H35NLN4JX,DKC63-91RI-H35NLN4JX,50,S,30
1100020897099,CROPS 63 SEED HUB,6683381,20210305,  1100020046367,2031655,LOUGH JEFFREY A,CORN,2021,UN,00190794191791,DKC63-91RIB AF2 VT2P SP50 ELT500 B-E,DKC63-91RI,DEKALB,VT2P-RIB,500+B360+ENHANCED DISEASE,H35NKH9JX,DKC63-91RI-H35NKH9JX,50,S,34
1100020897099,CROPS 63 SEED HUB,6683382,20210305,  1100068717953,2032066,MCCLAMROCH FARMS LLC,CORN,2021,BG,00190794480055,DKC64-35RIB AF VT2P 80M ELT500 B-E,DKC64-35RI,DEKALB,VT2P-RIB,500+B360+ENHANCED DISEASE,H35N1K4JX,DKC64-35RI-H35N1K4JX,27,S,1
1100020897099,CROPS 63 SEED HUB,6683361,20210303,  1100013314336,2034030,MCCUTCHAN JASON,CORN,2021,BG,00190794335201,DKC60-80RIB AR VT2P 80M ELT500 B-E,DKC60-80RI,DEKALB,VT2P-RIB,500+B360+ENHANCED DISEASE,H21YTA4JX,DKC60-80RI-H21YTA4JX,35,I,1
1100020897099,CROPS 63 SEED HUB,6683361,20210303,  1100013314336,2034030,MCCUTCHAN JASON,CORN,2021,BG,00190794139922,DKC63-57RIB AR2 VT2P 80M ELT500 B-E,DKC63-57RI,DEKALB,VT2P-RIB,500+B360+ENHANCED DISEASE,H35YWV3JX,DKC63-57RI-H35YWV3JX,10,I,6
1100020897099,CROPS 63 SEED HUB,6683361,20210303,  1100013314336,2034030,MCCUTCHAN JASON,CORN,2021,UN,00190794139953,DKC63-57RIB AR2 VT2P SP45 ELT500 B-E,DKC63-57RI,DEKALB,VT2P-RIB,500+B360+ENHANCED DISEASE,H35YVR9JX,DKC63-57RI-H35YVR9JX,90,I,11
1100020897099,CROPS 63 SEED HUB,6683303,20210203,  1100016654842,2034048,MCCUTCHAN FARMS INC - SEED,CORN,2021,UN,00190794191296,DKC59-82RIB AF VT2P SP50 ELT500 B-E,DKC59-82RI,DEKALB,VT2P-RIB,500+B360+ENHANCED DISEASE,H39YPT9JX,DKC59-82RI-H39YPT9JX,150,I,1
1100020897099,CROPS 63 SEED HUB,6683303,20210203,  1100016654842,2034048,MCCUTCHAN FARMS INC - SEED,CORN,2021,UN,00190794139908,DKC63-57RIB AF VT2P SP50 ELT500 B-E,DKC63-57RI,DEKALB,VT2P-RIB,500+B360+ENHANCED DISEASE,H35NAK3JX,DKC63-57RI-H35NAK3JX,100,I,6
1100020897099,CROPS 63 SEED HUB,6683303,20210203,  1100016654842,2034048,MCCUTCHAN FARMS INC - SEED,CORN,2021,UN,00190794191739,DKC63-91RIB AF VT2P SP50 ELT500 B-E,DKC63-91RI,DEKALB,VT2P-RIB,500+B360+ENHANCED DISEASE,H38Y4N9JX,DKC63-91RI-H38Y4N9JX,50,I,11
1100020897099,CROPS 63 SEED HUB,6683303,20210203,  1100016654842,2034048,MCCUTCHAN FARMS INC - SEED,CORN,2021,UN,00190794480109,DKC64-35RIB AR VT2P 50USP ELT500 B-E,DKC64-35RI,DEKALB,VT2P-RIB,500+B360+ENHANCED DISEASE,H21HJK3JX,DKC64-35RI-H21HJK3JX,100,I,16
1100020897099,CROPS 63 SEED HUB,6683303,20210203,  1100016654842,2034048,MCCUTCHAN FARMS INC - SEED,CORN,2021,UN,00190794192231,DKC66-18RIB AF2 VT2P SP50 ELT500 B-E,DKC66-18RI,DEKALB,VT2P-RIB,500+B360+ENHANCED DISEASE,H22YDR4JX,DKC66-18RI-H22YDR4JX,100,I,21
1100020897099,CROPS 63 SEED HUB,6683296,20210202,  1100017925262,2034350,MCGUIRE JOHN D,CORN,2021,BG,00190794150255,DKC62-53RIB AF VT2P 80M ELT500 B-E,DKC62-53RI,DEKALB,VT2P-RIB,500+B360+ENHANCED DISEASE,H52T1V4JT,DKC62-53RI-H52T1V4JT,36,S,1
1100020897099,CROPS 63 SEED HUB,6683296,20210202,  1100017925262,2034350,MCGUIRE JOHN D,CORN,2021,BG,00888346813641,DKC61-98RIB AF VT2P 80M ELT250 B-E,DKC61-98RI,DEKALB,VT2P-RIB,ACCELERON250+B300+ENHANCED DIS,H35TR37JX,DKC61-98RI-H35TR37JX,36,S,4
1100020897099,CROPS 63 SEED HUB,6683296,20210202,  1100017925262,2034350,MCGUIRE JOHN D,CORN,2021,BG,00190794148924,DKC58-35RIB AR2 VT2P 80M ELT500 B-E,DKC58-35RI,DEKALB,VT2P-RIB,500+B360+ENHANCED DISEASE,253WEJ9JX,DKC58-35RI-253WEJ9JX,36,S,7
1100020897099,CROPS 63 SEED HUB,6683369,20210304,  1100039129617,2035035,MERCER MARK A,CORN,2021,BG,00884464789530,CN CP5115VT2P/RIB FPCPF2CB50,CN CP5115V,CROPLAN,VT2P-RIB,FORTIVENT PLUS,01FV3029B,CN CP5115V-01FV3029B,50,S,1
1100020897099,CROPS 63 SEED HUB,6683369,20210304,  1100039129617,2035035,MERCER MARK A,CORN,2021,BG,00884464753449,CN CP4997VT2P/RIB FPCPF2CB50,CN CP4997V,CROPLAN,VT2P-RIB,FORTIVENT PLUS,01FE3058CB,CN CP4997V-01FE3058CB,50,S,4
1100020897099,CROPS 63 SEED HUB,6683374,20210304,  1100011092694,2045028,ROUGH & READY LLC,CORN,2021,BG,00884464753395,CN CP4997VT2P/RIB FPCPF80M,CN CP4997V,CROPLAN,VT2P-RIB,FORTIVENT PLUS,01FV5046C,CN CP4997V-01FV5046C,64,S,1
1100020897099,CROPS 63 SEED HUB,6683374,20210304,  1100011092694,2045028,ROUGH & READY LLC,CORN,2021,BG,00884464753395,CN CP4997VT2P/RIB FPCPF80M,CN CP4997V,CROPLAN,VT2P-RIB,FORTIVENT PLUS,01FE5058C,CN CP4997V-01FE5058C,48,S,5
1100020897099,CROPS 63 SEED HUB,6683374,20210304,  1100011092694,2045028,ROUGH & READY LLC,CORN,2021,BG,00884464789486,CN CP5115VT2P/RIB FPCPF80M,CN CP5115V,CROPLAN,VT2P-RIB,FORTIVENT PLUS,01FV5087,CN CP5115V-01FV5087,96,S,9
1100020897099,CROPS 63 SEED HUB,6683374,20210304,  1100011092694,2045028,ROUGH & READY LLC,CORN,2021,BG,00884464754446,CN CP5335VT2P/RIB FPCPF80M,CN CP5335V,CROPLAN,VT2P-RIB,FORTIVENT PLUS,01FE5041,CN CP5335V-01FE5041,64,S,13
1100020897099,CROPS 63 SEED HUB,6683314,20210210,  1100023109816,2047290,S & K SHELTON FARMS - FERT,CORN,2021,BG,00884464789493,CN CP5115VT2P/RIB FPCPFCB50,CN CP5115V,CROPLAN,VT2P-RIB,FORTIVENT PLUS,01FV5031B,CN CP5115V-01FV5031B,50,D,1
1100020897099,CROPS 63 SEED HUB,6683314,20210210,  1100023109816,2047290,S & K SHELTON FARMS - FERT,CORN,2021,UN,00190794191364,DKC59-82RIB AR VT2P SP50 ELT500 B-E,DKC59-82RI,DEKALB,VT2P-RIB,500+B360+ENHANCED DISEASE,H39WFE3JX,DKC59-82RI-H39WFE3JX,100,D,5
1100020897099,CROPS 63 SEED HUB,6683314,20210210,  1100023109816,2047290,S & K SHELTON FARMS - FERT,CORN,2021,UN,00190794483803,DKC61-98RIB AR VT2P 50USP ELT500 B-E,DKC61-98RI,DEKALB,VT2P-RIB,500+B360+ENHANCED DISEASE,H22YHE7JX,DKC61-98RI-H22YHE7JX,50,D,9
1100020897099,CROPS 63 SEED HUB,6683314,20210210,  1100023109816,2047290,S & K SHELTON FARMS - FERT,CORN,2021,UN,00190794483766,DKC61-98RIB AF VT2P 50USP ELT500 B-E,DKC61-98RI,DEKALB,VT2P-RIB,500+B360+ENHANCED DISEASE,H22YKC9JX,DKC61-98RI-H22YKC9JX,150,D,13
1100020897099,CROPS 63 SEED HUB,6683314,20210210,  1100023109816,2047290,S & K SHELTON FARMS - FERT,CORN,2021,UN,00190794191791,DKC63-91RIB AF2 VT2P SP50 ELT500 B-E,DKC63-91RI,DEKALB,VT2P-RIB,500+B360+ENHANCED DISEASE,H35NLN4JX,DKC63-91RI-H35NLN4JX,100,D,17
1100020897099,CROPS 63 SEED HUB,6683314,20210210,  1100023109816,2047290,S & K SHELTON FARMS - FERT,CORN,2021,UN,00190794480109,DKC64-35RIB AR VT2P 50USP ELT500 B-E,DKC64-35RI,DEKALB,VT2P-RIB,500+B360+ENHANCED DISEASE,H21HJK3JX,DKC64-35RI-H21HJK3JX,150,D,21
1100020897099,CROPS 63 SEED HUB,6683314,20210210,  1100023109816,2047290,S & K SHELTON FARMS - FERT,CORN,2021,BG,00190794335225,DKC60-80RIB AR2 VT2P 80M ELT500 B-E,DKC60-80RI,DEKALB,VT2P-RIB,500+B360+ENHANCED DISEASE,H21YET3JX,DKC60-80RI-H21YET3JX,15,D,25
1100020897099,CROPS 63 SEED HUB,6683314,20210210,  1100023109816,2047290,S & K SHELTON FARMS - FERT,CORN,2021,UN,00190794335232,DKC60-80RIB AR2 VT2P SP45 ELT500 B-E,DKC60-80RI,DEKALB,VT2P-RIB,500+B360+ENHANCED DISEASE,H35N7W3JX,DKC60-80RI-H35N7W3JX,135,D,31
1100020897099,CROPS 63 SEED HUB,6683308,20210203,  1100064856519,2054775,WALKER PLACE,CORN,2021,BG,00884464754491,CN CP5335VT2P/RIB FPCPF2CB50,CN CP5335V,CROPLAN,VT2P-RIB,FORTIVENT PLUS,01FE3042B,CN CP5335V-01FE3042B,200,I,1
1100020897099,CROPS 63 SEED HUB,6683308,20210203,  1100064856519,2054775,WALKER PLACE,CORN,2021,BG,00884464754477,CN CP5335VT2P/RIB FPCPRCB50,CN CP5335V,CROPLAN,VT2P-RIB,FORTIVENT PLUS,01FE6041B,CN CP5335V-01FE6041B,50,I,2
1100020897099,CROPS 63 SEED HUB,6683308,20210203,  1100064856519,2054775,WALKER PLACE,CORN,2021,BG,00884464754477,CN CP5335VT2P/RIB FPCPRCB50,CN CP5335V,CROPLAN,VT2P-RIB,FORTIVENT PLUS,01FE6042B,CN CP5335V-01FE6042B,100,I,3
1100020897099,CROPS 63 SEED HUB,6683308,20210203,  1100064856519,2054775,WALKER PLACE,CORN,2021,BG,00884464754477,CN CP5335VT2P/RIB FPCPRCB50,CN CP5335V,CROPLAN,VT2P-RIB,FORTIVENT PLUS,01FE6052B,CN CP5335V-01FE6052B,450,I,4
1100020897099,CROPS 63 SEED HUB,6683308,20210203,  1100064856519,2054775,WALKER PLACE,CORN,2021,BG,00884464768887,CN CP5550VT2P/RIB FPCPR2CB50,CN CP5550V,CROPLAN,VT2P-RIB,FORTIVENT PLUS,01FV6127B,CN CP5550V-01FV6127B,150,I,5
1100020897099,CROPS 63 SEED HUB,6683308,20210203,  1100064856519,2054775,WALKER PLACE,CORN,2021,BG,00884464768863,CN CP5550VT2P/RIB FPCPF2CB50,CN CP5550V,CROPLAN,VT2P-RIB,FORTIVENT PLUS,01FE3044B,CN CP5550V-01FE3044B,400,I,6
1100020897099,CROPS 63 SEED HUB,6683308,20210203,  1100064856519,2054775,WALKER PLACE,CORN,2021,BG,00884464768849,CN CP5550VT2P/RIB FPCPRCB50,CN CP5550V,CROPLAN,VT2P-RIB,FORTIVENT PLUS,01FE6044B,CN CP5550V-01FE6044B,450,I,7
1100020897099,CROPS 63 SEED HUB,6683350,20210302,  1100064856519,2054775,WALKER PLACE,CORN,2021,UN,00190794140171,DKC65-95RIB AR2 VT2P SP45 ELT500 B-E,DKC65-95RI,DEKALB,VT2P-RIB,500+B360+ENHANCED DISEASE,H18YPD7JX,DKC65-95RI-H18YPD7JX,585,I,1
1100020897099,CROPS 63 SEED HUB,6683350,20210302,  1100064856519,2054775,WALKER PLACE,CORN,2021,UN,00190794140126,DKC65-95RIB AF VT2P SP50 ELT500 B-E,DKC65-95RI,DEKALB,VT2P-RIB,500+B360+ENHANCED DISEASE,H18Y444JX,DKC65-95RI-H18Y444JX,300,I,2
1100020897099,CROPS 63 SEED HUB,6683354,20210302,  1100064856519,2054775,WALKER PLACE,CORN,2021,UN,00190794140126,DKC65-95RIB AF VT2P SP50 ELT500 B-E,DKC65-95RI,DEKALB,VT2P-RIB,500+B360+ENHANCED DISEASE,H18Y444JX,DKC65-95RI-H18Y444JX,250,I,1
1100020897099,CROPS 63 SEED HUB,6683354,20210302,  1100064856519,2054775,WALKER PLACE,CORN,2021,UN,00190794139953,DKC63-57RIB AR2 VT2P SP45 ELT500 B-E,DKC63-57RI,DEKALB,VT2P-RIB,500+B360+ENHANCED DISEASE,H35YVR9JX,DKC63-57RI-H35YVR9JX,135,I,2
1100020897099,CROPS 63 SEED HUB,6683354,20210302,  1100064856519,2054775,WALKER PLACE,CORN,2021,UN,00190794139953,DKC63-57RIB AR2 VT2P SP45 ELT500 B-E,DKC63-57RI,DEKALB,VT2P-RIB,500+B360+ENHANCED DISEASE,H35YXY7JX,DKC63-57RI-H35YXY7JX,405,I,3
1100020897099,CROPS 63 SEED HUB,6683358,20210302,  1100064856519,2054775,WALKER PLACE,CORN,2021,UN,00190794139953,DKC63-57RIB AR2 VT2P SP45 ELT500 B-E,DKC63-57RI,DEKALB,VT2P-RIB,500+B360+ENHANCED DISEASE,H35YXY7JX,DKC63-57RI-H35YXY7JX,135,I,1
1100020897099,CROPS 63 SEED HUB,6683358,20210302,  1100064856519,2054775,WALKER PLACE,CORN,2021,UN,00190794139953,DKC63-57RIB AR2 VT2P SP45 ELT500 B-E,DKC63-57RI,DEKALB,VT2P-RIB,500+B360+ENHANCED DISEASE,H35YVR9JX,DKC63-57RI-H35YVR9JX,405,I,2
1100020897099,CROPS 63 SEED HUB,6683358,20210302,  1100064856519,2054775,WALKER PLACE,CORN,2021,UN,00190794191784,DKC63-91RIB AR2 VT2P SP45 ELT500 B-E,DKC63-91RI,DEKALB,VT2P-RIB,500+B360+ENHANCED DISEASE,H35YEE3JX,DKC63-91RI-H35YEE3JX,270,I,3
1100020897099,CROPS 63 SEED HUB,6683359,20210302,  1100064856519,2054775,WALKER PLACE,CORN,2021,UN,00190794191784,DKC63-91RIB AR2 VT2P SP45 ELT500 B-E,DKC63-91RI,DEKALB,VT2P-RIB,500+B360+ENHANCED DISEASE,H35YEE3JX,DKC63-91RI-H35YEE3JX,315,I,1
1100020897099,CROPS 63 SEED HUB,6683359,20210302,  1100064856519,2054775,WALKER PLACE,CORN,2021,UN,00190794191784,DKC63-91RIB AR2 VT2P SP45 ELT500 B-E,DKC63-91RI,DEKALB,VT2P-RIB,500+B360+ENHANCED DISEASE,H35NW19JX,DKC63-91RI-H35NW19JX,495,I,2
1100020897099,CROPS 63 SEED HUB,6683360,20210303,  1100064856519,2054775,WALKER PLACE,CORN,2021,UN,00190794191357,DKC59-82RIB AF2 VT2P SP50 ELT500 B-E,DKC59-82RI,DEKALB,VT2P-RIB,500+B360+ENHANCED DISEASE,H26YNC9JX,DKC59-82RI-H26YNC9JX,1150,I,1
1100020897099,CROPS 63 SEED HUB,6683360,20210303,  1100064856519,2054775,WALKER PLACE,CORN,2021,UN,00190794191357,DKC59-82RIB AF2 VT2P SP50 ELT500 B-E,DKC59-82RI,DEKALB,VT2P-RIB,500+B360+ENHANCED DISEASE,H26YCX7JX,DKC59-82RI-H26YCX7JX,50,I,2
1100020897099,CROPS 63 SEED HUB,6683370,20210304,  1100064856519,2054775,WALKER PLACE,CORN,2021,UN,00190794191357,DKC59-82RIB AF2 VT2P SP50 ELT500 B-E,DKC59-82RI,DEKALB,VT2P-RIB,500+B360+ENHANCED DISEASE,H26YNC9JX,DKC59-82RI-H26YNC9JX,50,I,1
1100020897099,CROPS 63 SEED HUB,6683409,20210308,  1100067543690,2058320,WRIGHT AGRI GROUP GP,CORN,2021,BG,00884464753401,CN CP4997VT2P/RIB FPCPFCB50,CN CP4997V,CROPLAN,VT2P-RIB,FORTIVENT PLUS,01FE5058CB,CN CP4997V-01FE5058CB,200,I,1
1100020897099,CROPS 63 SEED HUB,6683409,20210308,  1100067543690,2058320,WRIGHT AGRI GROUP GP,CORN,2021,BG,00884464802093,CN CP5210SS/RIB FPCPRCB50,CN CP5210S,CROPLAN,SS-RIB,FORTIVENT PLUS,01FM6089B,CN CP5210S-01FM6089B,100,I,5
1100020897099,CROPS 63 SEED HUB,6683409,20210308,  1100067543690,2058320,WRIGHT AGRI GROUP GP,CORN,2021,BG,00884464754477,CN CP5335VT2P/RIB FPCPRCB50,CN CP5335V,CROPLAN,VT2P-RIB,FORTIVENT PLUS,01FE6042B,CN CP5335V-01FE6042B,100,I,9
1100020897099,CROPS 63 SEED HUB,6683409,20210308,  1100067543690,2058320,WRIGHT AGRI GROUP GP,CORN,2021,BG,00884464754958,CN CP5370SS/RIB FPCPPCB50,CN CP5370S,CROPLAN,SS-RIB,FORTIVENT PLUS,91FA5277B,CN CP5370S-91FA5277B,200,I,13
1100020897099,CROPS 63 SEED HUB,6683409,20210308,  1100067543690,2058320,WRIGHT AGRI GROUP GP,CORN,2021,BG,00884464754958,CN CP5370SS/RIB FPCPPCB50,CN CP5370S,CROPLAN,SS-RIB,FORTIVENT PLUS,91FE5173B,CN CP5370S-91FE5173B,50,I,17
1100020897099,CROPS 63 SEED HUB,6683409,20210308,  1100067543690,2058320,WRIGHT AGRI GROUP GP,CORN,2021,BG,00884464754958,CN CP5370SS/RIB FPCPPCB50,CN CP5370S,CROPLAN,SS-RIB,FORTIVENT PLUS,91FA5526B,CN CP5370S-91FA5526B,50,I,21
1100020897099,CROPS 63 SEED HUB,6683409,20210308,  1100067543690,2058320,WRIGHT AGRI GROUP GP,CORN,2021,BG,00884464755030,CN CP5370SS/RIB FPCPR2CB50,CN CP5370S,CROPLAN,SS-RIB,FORTIVENT PLUS,01FM4002B,CN CP5370S-01FM4002B,200,I,25
1100020897099,CROPS 63 SEED HUB,6683410,20210308,  1100067543690,2058320,WRIGHT AGRI GROUP GP,CORN,2021,BG,00884464768863,CN CP5550VT2P/RIB FPCPF2CB50,CN CP5550V,CROPLAN,VT2P-RIB,FORTIVENT PLUS,91FA3600B,CN CP5550V-91FA3600B,100,I,1
1100020897099,CROPS 63 SEED HUB,6683410,20210308,  1100067543690,2058320,WRIGHT AGRI GROUP GP,CORN,2021,BG,00884464768863,CN CP5550VT2P/RIB FPCPF2CB50,CN CP5550V,CROPLAN,VT2P-RIB,FORTIVENT PLUS,01FE3044B,CN CP5550V-01FE3044B,50,I,5
1100020897099,CROPS 63 SEED HUB,6683410,20210308,  1100067543690,2058320,WRIGHT AGRI GROUP GP,CORN,2021,BG,00884464768863,CN CP5550VT2P/RIB FPCPF2CB50,CN CP5550V,CROPLAN,VT2P-RIB,FORTIVENT PLUS,01FV3126B,CN CP5550V-01FV3126B,50,I,9
1100020897099,CROPS 63 SEED HUB,6683411,20210309,  1100067543690,2058320,WRIGHT AGRI GROUP GP,CORN,2021,UN,00190794179645,DKC52-34RIB AR2 SS RIB SP45 ELT500 B-E,DKC52-34RI,DEKALB,SSPRIB,ACCELERON500+B300+ENHANCED DIS,748WNE4JX,DKC52-34RI-748WNE4JX,90,I,1
1100020897099,CROPS 63 SEED HUB,6683411,20210309,  1100067543690,2058320,WRIGHT AGRI GROUP GP,CORN,2021,UN,00190794179645,DKC52-34RIB AR2 SS RIB SP45 ELT500 B-E,DKC52-34RI,DEKALB,SSPRIB,ACCELERON500+B300+ENHANCED DIS,748WD94JX,DKC52-34RI-748WD94JX,90,I,6
1100020897099,CROPS 63 SEED HUB,6683411,20210309,  1100067543690,2058320,WRIGHT AGRI GROUP GP,CORN,2021,UN,00190794139977,DKC63-57RIB AR VT2P SP50 ELT500 B-E,DKC63-57RI,DEKALB,VT2P-RIB,500+B360+ENHANCED DISEASE,H35N9R9JX,DKC63-57RI-H35N9R9JX,100,I,11
1100020897099,CROPS 63 SEED HUB,6683411,20210309,  1100067543690,2058320,WRIGHT AGRI GROUP GP,CORN,2021,UN,00190794142618,DKC64-32 AR SP50 ELT500 B-E,DKC64-32 A,DEKALB,CONV,500+B360+ENHANCED DISEASE,H35YDJ7JX,DKC64-32 A-H35YDJ7JX,50,I,16
1100020897099,CROPS 63 SEED HUB,6683411,20210309,  1100067543690,2058320,WRIGHT AGRI GROUP GP,CORN,2021,UN,00190794142540,DKC64-32 AF SP50 ELT500 B-E,DKC64-32 A,DEKALB,CONV,500+B360+ENHANCED DISEASE,H35YRN4JX,DKC64-32 A-H35YRN4JX,200,I,21
1100020897099,CROPS 63 SEED HUB,6683411,20210309,  1100067543690,2058320,WRIGHT AGRI GROUP GP,CORN,2021,UN,00190794140188,DKC65-95RIB AF2 VT2P SP50 ELT500 B-E,DKC65-95RI,DEKALB,VT2P-RIB,500+B360+ENHANCED DISEASE,H21HYK3JX,DKC65-95RI-H21HYK3JX,200,I,26
1100020897099,CROPS 63 SEED HUB,6683411,20210309,  1100067543690,2058320,WRIGHT AGRI GROUP GP,CORN,2021,UN,00190794479226,DKC67-44RIB AR VT2P 50USP ELT500 B-E,DKC67-44RI,DEKALB,VT2P-RIB,500+B360+ENHANCED DISEASE,H21NVH7JX,DKC67-44RI-H21NVH7JX,50,I,31
1100020897099,CROPS 63 SEED HUB,6683411,20210309,  1100067543690,2058320,WRIGHT AGRI GROUP GP,CORN,2021,UN,00190794479226,DKC67-44RIB AR VT2P 50USP ELT500 B-E,DKC67-44RI,DEKALB,VT2P-RIB,500+B360+ENHANCED DISEASE,H22YVT9JX,DKC67-44RI-H22YVT9JX,100,I,36
1100020897099,CROPS 63 SEED HUB,6683411,20210309,  1100067543690,2058320,WRIGHT AGRI GROUP GP,CORN,2021,BG,00888346579080,DKC62-52RIB AR2 SS 80M ELT500 B-E,DKC62-52RI,DEKALB,SS-RIB,ACCELERON500+B300+ENHANCED DIS,H21YC13JX,DKC62-52RI-H21YC13JX,30,I,41
1100020897099,CROPS 63 SEED HUB,6683411,20210309,  1100067543690,2058320,WRIGHT AGRI GROUP GP,CORN,2021,BG,00190794179522,DKC52-34RIB AR2 SS RIB 80M ELT500 B-E,DKC52-34RI,DEKALB,SSPRIB,ACCELERON500+B300+ENHANCED DIS,748WT93JX,DKC52-34RI-748WT93JX,20,I,46
1100020897099,CROPS 63 SEED HUB,6683411,20210309,  1100067543690,2058320,WRIGHT AGRI GROUP GP,CORN,2021,BG,00190794142571,DKC64-32 AF 80M ELT500 B-E,DKC64-32 A,DEKALB,CONV,500+B360+ENHANCED DISEASE,H35Y433JX,DKC64-32 A-H35Y433JX,35,I,51
1100020897099,CROPS 63 SEED HUB,6683400,20210308,  1100012704572,3008700,CASASSA DAIRY FARM INC.,CORN,2021,UN,00888346745362,EB115VT2PRORIB AR VT2P SP50 BAS250,EB115VT2PR,DEKALB,VT2P-RIB,ACCELERON 250,756X1M7JX,EB115VT2PR-756X1M7JX,100,S,1
1100020897099,CROPS 63 SEED HUB,6683400,20210308,  1100012704572,3008700,CASASSA DAIRY FARM INC.,CORN,2021,BG,00884464754750,CN CP5340VT2P/RIB FPCPF2CB50,CN CP5340V,CROPLAN,VT2P-RIB,FORTIVENT PLUS,01FM3077B,CN CP5340V-01FM3077B,50,S,6
1100020897099,CROPS 63 SEED HUB,6683400,20210308,  1100012704572,3008700,CASASSA DAIRY FARM INC.,CORN,2021,BG,00884464768863,CN CP5550VT2P/RIB FPCPF2CB50,CN CP5550V,CROPLAN,VT2P-RIB,FORTIVENT PLUS,01FV3126B,CN CP5550V-01FV3126B,50,S,9
1100020897099,CROPS 63 SEED HUB,6683400,20210308,  1100012704572,3008700,CASASSA DAIRY FARM INC.,CORN,2021,UN,00190794150286,DKC62-53RIB AF2 VT2P SP50 ELT500 B-E,DKC62-53RI,DEKALB,VT2P-RIB,500+B360+ENHANCED DISEASE,H28YV77JX,DKC62-53RI-H28YV77JX,50,S,12
1100020897099,CROPS 63 SEED HUB,6683400,20210308,  1100012704572,3008700,CASASSA DAIRY FARM INC.,CORN,2021,UN,00190794192231,DKC66-18RIB AF2 VT2P SP50 ELT500 B-E,DKC66-18RI,DEKALB,VT2P-RIB,500+B360+ENHANCED DISEASE,H22YTY7JX,DKC66-18RI-H22YTY7JX,50,S,17
1100020897099,CROPS 63 SEED HUB,6683400,20210308,  1100012704572,3008700,CASASSA DAIRY FARM INC.,CORN,2021,UN,00190794481526,DKC70-27RIB AF2 VT2P 50USP ELT500 B-E,DKC70-27RI,DEKALB,VT2P-RIB,500+B360+ENHANCED DISEASE,H35NXY9JX,DKC70-27RI-H35NXY9JX,50,S,22
1100020897099,CROPS 63 SEED HUB,6683333,20210226,  1100012840799,3015960,EPPERT RONALD C,CORN,2021,BG,00190794150231,DKC62-53RIB AF2 VT2P 80M ELT500 B-E,DKC62-53RI,DEKALB,VT2P-RIB,500+B360+ENHANCED DISEASE,H28YJP3JX,DKC62-53RI-H28YJP3JX,12,S,1
1100020897099,CROPS 63 SEED HUB,6683341,20210226,  1100036491595,3016682,FELLING FARM LLC,CORN,2021,BG,00190794139915,DKC63-57RIB AF2 VT2P 80M ELT500 B-E,DKC63-57RI,DEKALB,VT2P-RIB,500+B360+ENHANCED DISEASE,H35YVC3JX,DKC63-57RI-H35YVC3JX,30,S,1
1100020897099,CROPS 63 SEED HUB,6683341,20210226,  1100036491595,3016682,FELLING FARM LLC,CORN,2021,BG,00190794335409,DKC67-94RIB AF Trecepta 80M ELT500 B-E,DKC67-94RI,DEKALB,TRE-RIB,500+B360+ENHANCED DISEASE,H21NVX3JX,DKC67-94RI-H21NVX3JX,10,S,5
1100020897099,CROPS 63 SEED HUB,6683341,20210226,  1100036491595,3016682,FELLING FARM LLC,CORN,2021,BG,00190794192187,DKC66-18RIB AF2 VT2P 80M ELT500 B-E,DKC66-18RI,DEKALB,VT2P-RIB,500+B360+ENHANCED DISEASE,H22YT99JX,DKC66-18RI-H22YT99JX,30,S,9
1100020897099,CROPS 63 SEED HUB,6683342,20210226,  1100030630402,3019652,GORHAM TODD D,CORN,2021,BG,00190794335409,DKC67-94RIB AF Trecepta 80M ELT500 B-E,DKC67-94RI,DEKALB,TRE-RIB,500+B360+ENHANCED DISEASE,H21NVX3JX,DKC67-94RI-H21NVX3JX,6,S,1
1100020897099,CROPS 63 SEED HUB,6683342,20210226,  1100030630402,3019652,GORHAM TODD D,CORN,2021,BG,00190794140133,DKC65-95RIB AF2 VT2P 80M ELT500 B-E,DKC65-95RI,DEKALB,VT2P-RIB,500+B360+ENHANCED DISEASE,H18YFW7JX,DKC65-95RI-H18YFW7JX,12,S,5
1100020897099,CROPS 63 SEED HUB,6683342,20210226,  1100030630402,3019652,GORHAM TODD D,CORN,2021,BG,00190794150255,DKC62-53RIB AF VT2P 80M ELT500 B-E,DKC62-53RI,DEKALB,VT2P-RIB,500+B360+ENHANCED DISEASE,H52T1V4JT,DKC62-53RI-H52T1V4JT,12,S,9
1100020897099,CROPS 63 SEED HUB,6683342,20210226,  1100030630402,3019652,GORHAM TODD D,CORN,2021,BG,00190794191760,DKC63-91RIB AF VT2P 80M ELT500 B-E,DKC63-91RI,DEKALB,VT2P-RIB,500+B360+ENHANCED DISEASE,H35YWL4JX,DKC63-91RI-H35YWL4JX,12,S,13
1100020897099,CROPS 63 SEED HUB,6683401,20210308,  1100013079211,3025430,HUXFORD JAMES E,CORN,2021,BG,00884464754767,CN CP5340VT2P/RIB FPCPR280M,CN CP5340V,CROPLAN,VT2P-RIB,FORTIVENT PLUS,01FM4076,CN CP5340V-01FM4076,36,S,1
1100020897099,CROPS 63 SEED HUB,6683401,20210308,  1100013079211,3025430,HUXFORD JAMES E,CORN,2021,BG,00884464676182,CN CP5789VT2P/RIB ACCPF280M,CN CP5789V,CROPLAN,VT2P-RIB,ACCELERON,01AM3027,CN CP5789V-01AM3027,16,S,3
1100020897099,CROPS 63 SEED HUB,6683401,20210308,  1100013079211,3025430,HUXFORD JAMES E,CORN,2021,BG,00190794335409,DKC67-94RIB AF Trecepta 80M ELT500 B-E,DKC67-94RI,DEKALB,TRE-RIB,500+B360+ENHANCED DISEASE,H21NVX3JX,DKC67-94RI-H21NVX3JX,32,S,5
1100020897099,CROPS 63 SEED HUB,6683401,20210308,  1100013079211,3025430,HUXFORD JAMES E,CORN,2021,BG,00888346745331,EB115VT2PRORIB AF VT2P 80M BAS250,EB115VT2PR,DEKALB,VT2P-RIB,ACCELERON 250,H52TD44JT,EB115VT2PR-H52TD44JT,32,S,9
1100020897099,CROPS 63 SEED HUB,6683401,20210308,  1100013079211,3025430,HUXFORD JAMES E,CORN,2021,BG,00888346314339,DKC67-44RIB AR VT2P 80M BAS250 B,DKC67-44RI,DEKALB,VT2P-RIB,ACCELERON 250+B300,H35TFY9JX,DKC67-44RI-H35TFY9JX,16,S,13
1100020897099,CROPS 63 SEED HUB,6683401,20210308,  1100013079211,3025430,HUXFORD JAMES E,CORN,2021,BG,4600856,DKC66-97RIB AF2 VT2P 80M BAS250,DKC66-97RI,DEKALB,VT2P-RIB,ACCELERON 250,H52TYF4JT,DKC66-97RI-H52TYF4JT,32,S,17
1100020897099,CROPS 63 SEED HUB,6683401,20210308,  1100013079211,3025430,HUXFORD JAMES E,CORN,2021,BG,00190794191326,DKC59-82RIB AF VT2P 80M ELT500 B-E,DKC59-82RI,DEKALB,VT2P-RIB,500+B360+ENHANCED DISEASE,H39YNF4JX,DKC59-82RI-H39YNF4JX,48,S,21
1100020897099,CROPS 63 SEED HUB,6683401,20210308,  1100013079211,3025430,HUXFORD JAMES E,CORN,2021,BG,00190794191746,DKC63-91RIB AF2 VT2P 80M ELT500 B-E,DKC63-91RI,DEKALB,VT2P-RIB,500+B360+ENHANCED DISEASE,H35NR33JX,DKC63-91RI-H35NR33JX,32,S,25
1100020897099,CROPS 63 SEED HUB,6683344,20210226,  1100067585966,3031650,LOUGHMILLER FARM INC,CORN,2021,BG,00884464754750,CN CP5340VT2P/RIB FPCPF2CB50,CN CP5340V,CROPLAN,VT2P-RIB,FORTIVENT PLUS,01FM3077B,CN CP5340V-01FM3077B,50,S,1
1100020897099,CROPS 63 SEED HUB,6683344,20210226,  1100067585966,3031650,LOUGHMILLER FARM INC,CORN,2021,BG,00884464768887,CN CP5550VT2P/RIB FPCPR2CB50,CN CP5550V,CROPLAN,VT2P-RIB,FORTIVENT PLUS,01FV6127B,CN CP5550V-01FV6127B,50,S,4
1100020897099,CROPS 63 SEED HUB,6683344,20210226,  1100067585966,3031650,LOUGHMILLER FARM INC,CORN,2021,UN,00190794140188,DKC65-95RIB AF2 VT2P SP50 ELT500 B-E,DKC65-95RI,DEKALB,VT2P-RIB,500+B360+ENHANCED DISEASE,H18Y9X9JX,DKC65-95RI-H18Y9X9JX,50,S,7
1100020897099,CROPS 63 SEED HUB,6683344,20210226,  1100067585966,3031650,LOUGHMILLER FARM INC,CORN,2021,BG,00190794150231,DKC62-53RIB AF2 VT2P 80M ELT500 B-E,DKC62-53RI,DEKALB,VT2P-RIB,500+B360+ENHANCED DISEASE,H28YJP3JX,DKC62-53RI-H28YJP3JX,24,S,12
1100020897099,CROPS 63 SEED HUB,6683403,20210308,  1100013564298,3045600,ROWINGS FARM,CORN,2021,UN,00190794140195,DKC65-95RIB AR VT2P SP50 ELT500 B-E,DKC65-95RI,DEKALB,VT2P-RIB,500+B360+ENHANCED DISEASE,H18YKA4JX,DKC65-95RI-H18YKA4JX,100,S,1
1100020897099,CROPS 63 SEED HUB,6683403,20210308,  1100013564298,3045600,ROWINGS FARM,CORN,2021,UN,00190794335416,DKC67-94RIB AF Trecepta SP50U ELT500 B-E,DKC67-94RI,DEKALB,TRE-RIB,500+B360+ENHANCED DISEASE,H26YLD3JX,DKC67-94RI-H26YLD3JX,50,S,5
1100020897099,CROPS 63 SEED HUB,6683403,20210308,  1100013564298,3045600,ROWINGS FARM,CORN,2021,UN,00190794192224,DKC66-18RIB AR2 VT2P SP45 ELT500 B-E,DKC66-18RI,DEKALB,VT2P-RIB,500+B360+ENHANCED DISEASE,H21Y1R7JX,DKC66-18RI-H21Y1R7JX,45,S,9
1100020897099,CROPS 63 SEED HUB,6683403,20210308,  1100013564298,3045600,ROWINGS FARM,CORN,2021,BG,00190794150262,DKC62-53RIB AR VT2P 80M ELT500 B-E,DKC62-53RI,DEKALB,VT2P-RIB,500+B360+ENHANCED DISEASE,H39T1Y4JT,DKC62-53RI-H39T1Y4JT,36,S,13
1100020897099,CROPS 63 SEED HUB,6683404,20210308,  1100046721439,3045608,ROWINGS NATHAN E,CORN,2021,UN,00190794150286,DKC62-53RIB AF2 VT2P SP50 ELT500 B-E,DKC62-53RI,DEKALB,VT2P-RIB,500+B360+ENHANCED DISEASE,H22YWD9JX,DKC62-53RI-H22YWD9JX,50,S,1
1100020897099,CROPS 63 SEED HUB,6683404,20210308,  1100046721439,3045608,ROWINGS NATHAN E,CORN,2021,UN,00190794139960,DKC63-57RIB AF2 VT2P SP50 ELT500 B-E,DKC63-57RI,DEKALB,VT2P-RIB,500+B360+ENHANCED DISEASE,H35YAW4JX,DKC63-57RI-H35YAW4JX,50,S,5
1100020897099,CROPS 63 SEED HUB,6683404,20210308,  1100046721439,3045608,ROWINGS NATHAN E,CORN,2021,UN,00190794191791,DKC63-91RIB AF2 VT2P SP50 ELT500 B-E,DKC63-91RI,DEKALB,VT2P-RIB,500+B360+ENHANCED DISEASE,H35NLN4JX,DKC63-91RI-H35NLN4JX,50,S,9
1100027907456,TEMPLETON SEED HUB,6452813,20210309,  1100013856430,1927348,WIDMER CHAD,CORN,2021,UN,00190794191296,DKC59-82RIB AF VT2P SP50 ELT500 B-E,DKC59-82RI,DEKALB,VT2P-RIB,500+B360+ENHANCED DISEASE,H39WHC4JX,DKC59-82RI-H39WHC4JX,100,D,1
1100027907456,TEMPLETON SEED HUB,6452813,20210309,  1100013856430,1927348,WIDMER CHAD,CORN,2021,UN,00190794139977,DKC63-57RIB AR VT2P SP50 ELT500 B-E,DKC63-57RI,DEKALB,VT2P-RIB,500+B360+ENHANCED DISEASE,H35N9R9JX,DKC63-57RI-H35N9R9JX,100,D,6
1100027907456,TEMPLETON SEED HUB,6452813,20210309,  1100013856430,1927348,WIDMER CHAD,CORN,2021,UN,00190794191791,DKC63-91RIB AF2 VT2P SP50 ELT500 B-E,DKC63-91RI,DEKALB,VT2P-RIB,500+B360+ENHANCED DISEASE,H35NLN4JX,DKC63-91RI-H35NLN4JX,100,D,11
1100027907456,TEMPLETON SEED HUB,6452813,20210309,  1100013856430,1927348,WIDMER CHAD,CORN,2021,UN,00190794480062,DKC64-35RIB AF VT2P 50USP ELT500 B-E,DKC64-35RI,DEKALB,VT2P-RIB,500+B360+ENHANCED DISEASE,H35TEK4JX,DKC64-35RI-H35TEK4JX,100,D,16
1100027907456,TEMPLETON SEED HUB,6452813,20210309,  1100013856430,1927348,WIDMER CHAD,CORN,2021,UN,00190794192231,DKC66-18RIB AF2 VT2P SP50 ELT500 B-E,DKC66-18RI,DEKALB,VT2P-RIB,500+B360+ENHANCED DISEASE,H22YTY7JX,DKC66-18RI-H22YTY7JX,100,D,21
1100027907456,TEMPLETON SEED HUB,6452809,20210304,  1100015790640,2011635,CROSSROAD FARMS,SOYBEANS,2021,UN,90190794331572,AG24XF1 XF SC-BULK-FG UNTR,AG24XF1 XF,ASGROW,RR2Y/DC,NO STANDARD OR SPECIAL TRTMT,AS0SC41Z,AG24XF1 XF-AS0SC41Z,800,D,1
1100027907456,TEMPLETON SEED HUB,6452809,20210304,  1100015790640,2011635,CROSSROAD FARMS,SOYBEANS,2021,UN,90190794331824,AG27XF1 XF SC-BULK-FG UNTR,AG27XF1 XF,ASGROW,RR2Y/DC,NO STANDARD OR SPECIAL TRTMT,AS0SCB1Z,AG27XF1 XF-AS0SCB1Z,1520,D,5
1100027907456,TEMPLETON SEED HUB,6452810,20210305,  1100015790640,2011635,CROSSROAD FARMS,CORN,2021,UN,00190794185011,DKC66-17RIB AF2 SS RIB SP50 ELT500 B-E,DKC66-17RI,DEKALB,SSPRIB,ACCELERON500+B300+ENHANCED DIS,H21NMM9JX,DKC66-17RI-H21NMM9JX,500,D,1
1100027907456,TEMPLETON SEED HUB,6452810,20210305,  1100015790640,2011635,CROSSROAD FARMS,CORN,2021,UN,00190794185011,DKC66-17RIB AF2 SS RIB SP50 ELT500 B-E,DKC66-17RI,DEKALB,SSPRIB,ACCELERON500+B300+ENHANCED DIS,786WVK3JX,DKC66-17RI-786WVK3JX,100,D,6
1100027907456,TEMPLETON SEED HUB,6452810,20210305,  1100015790640,2011635,CROSSROAD FARMS,CORN,2021,UN,00190794334532,DKC64-64RIB AF SS RIB SP50U ELT500 B-E,DKC64-64RI,DEKALB,SSPRIB,ACCELERON500+B300+ENHANCED DIS,H39Y749JX,DKC64-64RI-H39Y749JX,300,D,11
1100027907456,TEMPLETON SEED HUB,6452810,20210305,  1100015790640,2011635,CROSSROAD FARMS,CORN,2021,UN,00190794334556,DKC64-64RIB AF2 SS RIB SP50U ELT500 B-E,DKC64-64RI,DEKALB,SSPRIB,ACCELERON500+B300+ENHANCED DIS,H39YT97JX,DKC64-64RI-H39YT97JX,200,D,16
1100027907456,TEMPLETON SEED HUB,6452810,20210305,  1100015790640,2011635,CROSSROAD FARMS,CORN,2021,UN,00190794183697,DKC63-90RIB AF2 SS RIB SP50 ELT500 B-E,DKC63-90RI,DEKALB,SSPRIB,ACCELERON500+B300+ENHANCED DIS,H21HWX4JX,DKC63-90RI-H21HWX4JX,300,D,21
1100027907456,TEMPLETON SEED HUB,6452810,20210305,  1100015790640,2011635,CROSSROAD FARMS,CORN,2021,UN,00190794183697,DKC63-90RIB AF2 SS RIB SP50 ELT500 B-E,DKC63-90RI,DEKALB,SSPRIB,ACCELERON500+B300+ENHANCED DIS,H21HAA4JX,DKC63-90RI-H21HAA4JX,400,D,26
1100027907456,TEMPLETON SEED HUB,6452810,20210305,  1100015790640,2011635,CROSSROAD FARMS,CORN,2021,UN,00190794183109,DKC61-40RIB AR SS RIB SP50 ELT500 B-E,DKC61-40RI,DEKALB,SSPRIB,ACCELERON500+B300+ENHANCED DIS,H39YJE9JX,DKC61-40RI-H39YJE9JX,150,D,31
1100027907456,TEMPLETON SEED HUB,6452810,20210305,  1100015790640,2011635,CROSSROAD FARMS,CORN,2021,UN,00190794183109,DKC61-40RIB AR SS RIB SP50 ELT500 B-E,DKC61-40RI,DEKALB,SSPRIB,ACCELERON500+B300+ENHANCED DIS,H21NLL4JX,DKC61-40RI-H21NLL4JX,100,D,36
1100027907456,TEMPLETON SEED HUB,6452810,20210305,  1100015790640,2011635,CROSSROAD FARMS,CORN,2021,UN,00190794182270,DKC59-81RIB AF SS SP50 ELT500 B-E,DKC59-81RI,DEKALB,SS-RIB,ACCELERON500+B300+ENHANCED DIS,H39YTH9JX,DKC59-81RI-H39YTH9JX,200,D,41
1100027907456,TEMPLETON SEED HUB,6452810,20210305,  1100015790640,2011635,CROSSROAD FARMS,CORN,2021,UN,00190794182270,DKC59-81RIB AF SS SP50 ELT500 B-E,DKC59-81RI,DEKALB,SS-RIB,ACCELERON500+B300+ENHANCED DIS,H18Y447JX,DKC59-81RI-H18Y447JX,200,D,46
1100027907456,TEMPLETON SEED HUB,6452802,20210226,  1100035275912,2020007,GREENVIEW FARM LLC,CORN,2021,BG,00884464753531,CN CP5073SS/RIB FPCPFCB50,CN CP5073S,CROPLAN,SS-RIB,FORTIVENT PLUS,91FE5183B,CN CP5073S-91FE5183B,100,D,1
1100027907456,TEMPLETON SEED HUB,6452802,20210226,  1100035275912,2020007,GREENVIEW FARM LLC,CORN,2021,BG,00884464755252,CN CP5370VT2P/RIB FPCPRCB50,CN CP5370V,CROPLAN,VT2P-RIB,FORTIVENT PLUS,91FA6336B,CN CP5370V-91FA6336B,50,D,5
1100027907456,TEMPLETON SEED HUB,6452802,20210226,  1100035275912,2020007,GREENVIEW FARM LLC,CORN,2021,BG,00884464755252,CN CP5370VT2P/RIB FPCPRCB50,CN CP5370V,CROPLAN,VT2P-RIB,FORTIVENT PLUS,91FA6337B,CN CP5370V-91FA6337B,50,D,9
1100027907456,TEMPLETON SEED HUB,6452802,20210226,  1100035275912,2020007,GREENVIEW FARM LLC,CORN,2021,UN,00190794191296,DKC59-82RIB AF VT2P SP50 ELT500 B-E,DKC59-82RI,DEKALB,VT2P-RIB,500+B360+ENHANCED DISEASE,H39YPT9JX,DKC59-82RI-H39YPT9JX,50,D,13
1100027907456,TEMPLETON SEED HUB,6452802,20210226,  1100035275912,2020007,GREENVIEW FARM LLC,CORN,2021,BG,00190794139946,DKC63-57RIB AR VT2P 80M ELT500 B-E,DKC63-57RI,DEKALB,VT2P-RIB,500+B360+ENHANCED DISEASE,H35YW33JX,DKC63-57RI-H35YW33JX,15,D,18
1100027907456,TEMPLETON SEED HUB,6452802,20210226,  1100035275912,2020007,GREENVIEW FARM LLC,CORN,2021,UN,00190794139977,DKC63-57RIB AR VT2P SP50 ELT500 B-E,DKC63-57RI,DEKALB,VT2P-RIB,500+B360+ENHANCED DISEASE,H35N9R9JX,DKC63-57RI-H35N9R9JX,100,D,23
1100027907456,TEMPLETON SEED HUB,6452802,20210226,  1100035275912,2020007,GREENVIEW FARM LLC,CORN,2021,UN,00190794191739,DKC63-91RIB AF VT2P SP50 ELT500 B-E,DKC63-91RI,DEKALB,VT2P-RIB,500+B360+ENHANCED DISEASE,H35NJJ3JX,DKC63-91RI-H35NJJ3JX,100,D,28
1100027907456,TEMPLETON SEED HUB,6452802,20210226,  1100035275912,2020007,GREENVIEW FARM LLC,CORN,2021,UN,00190794480062,DKC64-35RIB AF VT2P 50USP ELT500 B-E,DKC64-35RI,DEKALB,VT2P-RIB,500+B360+ENHANCED DISEASE,H35TEK4JX,DKC64-35RI-H35TEK4JX,100,D,33
1100027907456,TEMPLETON SEED HUB,6452806,20210302,  1100045967838,2040100,PEABODY MIKE,CORN,2021,BG,00190794140164,DKC65-95RIB AR VT2P 80M ELT500 B-E,DKC65-95RI,DEKALB,VT2P-RIB,500+B360+ENHANCED DISEASE,H18YAM4JX,DKC65-95RI-H18YAM4JX,65,D,1
1100027907456,TEMPLETON SEED HUB,6452806,20210302,  1100045967838,2040100,PEABODY MIKE,CORN,2021,BG,00190794191746,DKC63-91RIB AF2 VT2P 80M ELT500 B-E,DKC63-91RI,DEKALB,VT2P-RIB,500+B360+ENHANCED DISEASE,H35NR33JX,DKC63-91RI-H35NR33JX,130,D,6
1100027907456,TEMPLETON SEED HUB,6452806,20210302,  1100045967838,2040100,PEABODY MIKE,CORN,2021,BG,00190794139946,DKC63-57RIB AR VT2P 80M ELT500 B-E,DKC63-57RI,DEKALB,VT2P-RIB,500+B360+ENHANCED DISEASE,H21H3L4JX,DKC63-57RI-H21H3L4JX,120,D,11
1100027907456,TEMPLETON SEED HUB,6452806,20210302,  1100045967838,2040100,PEABODY MIKE,CORN,2021,BG,00190794139946,DKC63-57RIB AR VT2P 80M ELT500 B-E,DKC63-57RI,DEKALB,VT2P-RIB,500+B360+ENHANCED DISEASE,H35YW33JX,DKC63-57RI-H35YW33JX,30,D,16
1100027907456,TEMPLETON SEED HUB,6452806,20210302,  1100045967838,2040100,PEABODY MIKE,CORN,2021,BG,00190794483797,DKC61-98RIB AR VT2P 80M ELT500 B-E,DKC61-98RI,DEKALB,VT2P-RIB,500+B360+ENHANCED DISEASE,H18YRL4JX,DKC61-98RI-H18YRL4JX,100,D,21
1100027907456,TEMPLETON SEED HUB,6452805,20210226,  1100046950006,2047137,SHEETS AUSTIN E,CORN,2021,BG,00884464754477,CN CP5335VT2P/RIB FPCPRCB50,CN CP5335V,CROPLAN,VT2P-RIB,FORTIVENT PLUS,01FE6042B,CN CP5335V-01FE6042B,50,D,1
1100027907456,TEMPLETON SEED HUB,6452805,20210226,  1100046950006,2047137,SHEETS AUSTIN E,CORN,2021,BG,00884464755252,CN CP5370VT2P/RIB FPCPRCB50,CN CP5370V,CROPLAN,VT2P-RIB,FORTIVENT PLUS,91FA6337B,CN CP5370V-91FA6337B,50,D,5
1100027907456,TEMPLETON SEED HUB,6452805,20210226,  1100046950006,2047137,SHEETS AUSTIN E,CORN,2021,BG,00190794150262,DKC62-53RIB AR VT2P 80M ELT500 B-E,DKC62-53RI,DEKALB,VT2P-RIB,500+B360+ENHANCED DISEASE,253WAX3JX,DKC62-53RI-253WAX3JX,25,D,9
1100027907456,TEMPLETON SEED HUB,6452805,20210226,  1100046950006,2047137,SHEETS AUSTIN E,CORN,2021,UN,00190794139977,DKC63-57RIB AR VT2P SP50 ELT500 B-E,DKC63-57RI,DEKALB,VT2P-RIB,500+B360+ENHANCED DISEASE,H35N9R9JX,DKC63-57RI-H35N9R9JX,200,D,14
1100027907456,TEMPLETON SEED HUB,6452805,20210226,  1100046950006,2047137,SHEETS AUSTIN E,CORN,2021,UN,00190794191791,DKC63-91RIB AF2 VT2P SP50 ELT500 B-E,DKC63-91RI,DEKALB,VT2P-RIB,500+B360+ENHANCED DISEASE,H35NLN4JX,DKC63-91RI-H35NLN4JX,100,D,19
1100027907456,TEMPLETON SEED HUB,6452808,20210303,  1100027825811,2047157,SHEETS DWIGHT E,CORN,2021,UN,00190794183789,DKC63-90RIB AR SS RIB SP50 ELT500 B-E,DKC63-90RI,DEKALB,SSPRIB,ACCELERON500+B300+ENHANCED DIS,H21HXY4JX,DKC63-90RI-H21HXY4JX,200,D,1
1100027907456,TEMPLETON SEED HUB,6452808,20210303,  1100027825811,2047157,SHEETS DWIGHT E,CORN,2021,UN,00888346585272,DKC65-94RIB AF SS SP50 ELT500 B-E,DKC65-94RI,DEKALB,SS-RIB,ACCELERON500+B300+ENHANCED DIS,H22YRH9JX,DKC65-94RI-H22YRH9JX,50,D,7
1100027907456,TEMPLETON SEED HUB,6452808,20210303,  1100027825811,2047157,SHEETS DWIGHT E,CORN,2021,BG,00888346585296,DKC65-94RIB AF SS 80M ELT500 B-E,DKC65-94RI,DEKALB,SS-RIB,ACCELERON500+B300+ENHANCED DIS,H35TNK7JX,DKC65-94RI-H35TNK7JX,20,D,13
1100027907456,TEMPLETON SEED HUB,6452797,20210225,  1100064615253,2047233,SHELBY BRYAN,CORN,2021,BG,00190794191302,DKC59-82RIB AF2 VT2P 80M ELT500 B-E,DKC59-82RI,DEKALB,VT2P-RIB,500+B360+ENHANCED DISEASE,H26YJN7JX,DKC59-82RI-H26YJN7JX,100,D,1
1100027907456,TEMPLETON SEED HUB,6452797,20210225,  1100064615253,2047233,SHELBY BRYAN,CORN,2021,UN,00190794139977,DKC63-57RIB AR VT2P SP50 ELT500 B-E,DKC63-57RI,DEKALB,VT2P-RIB,500+B360+ENHANCED DISEASE,H35N9R9JX,DKC63-57RI-H35N9R9JX,250,D,6
1100027907456,TEMPLETON SEED HUB,6452797,20210225,  1100064615253,2047233,SHELBY BRYAN,CORN,2021,UN,00190794183635,DKC63-90RIB AF SS RIB SP50 ELT500 B-E,DKC63-90RI,DEKALB,SSPRIB,ACCELERON500+B300+ENHANCED DIS,H21HCC4JX,DKC63-90RI-H21HCC4JX,50,D,11
1100027907456,TEMPLETON SEED HUB,6452797,20210225,  1100064615253,2047233,SHELBY BRYAN,CORN,2021,UN,00190794183635,DKC63-90RIB AF SS RIB SP50 ELT500 B-E,DKC63-90RI,DEKALB,SSPRIB,ACCELERON500+B300+ENHANCED DIS,H21HVW4JX,DKC63-90RI-H21HVW4JX,150,D,16
1100027907456,TEMPLETON SEED HUB,6452797,20210225,  1100064615253,2047233,SHELBY BRYAN,CORN,2021,UN,00190794191739,DKC63-91RIB AF VT2P SP50 ELT500 B-E,DKC63-91RI,DEKALB,VT2P-RIB,500+B360+ENHANCED DISEASE,H35YET9JX,DKC63-91RI-H35YET9JX,200,D,21
1100027907456,TEMPLETON SEED HUB,6452797,20210225,  1100064615253,2047233,SHELBY BRYAN,CORN,2021,UN,00190794140126,DKC65-95RIB AF VT2P SP50 ELT500 B-E,DKC65-95RI,DEKALB,VT2P-RIB,500+B360+ENHANCED DISEASE,H18YHE9JX,DKC65-95RI-H18YHE9JX,50,D,26
1100027907456,TEMPLETON SEED HUB,6452800,20210225,  1100064615253,2047233,SHELBY BRYAN,CORN,2021,BG,00884464768849,CN CP5550VT2P/RIB FPCPRCB50,CN CP5550V,CROPLAN,VT2P-RIB,FORTIVENT PLUS,01FE6044B,CN CP5550V-01FE6044B,100,D,1
1100027907456,TEMPLETON SEED HUB,6452800,20210225,  1100064615253,2047233,SHELBY BRYAN,CORN,2021,BG,00884464754477,CN CP5335VT2P/RIB FPCPRCB50,CN CP5335V,CROPLAN,VT2P-RIB,FORTIVENT PLUS,01FE6042B,CN CP5335V-01FE6042B,50,D,5
1100027907456,TEMPLETON SEED HUB,6452800,20210225,  1100064615253,2047233,SHELBY BRYAN,CORN,2021,BG,00884464755252,CN CP5370VT2P/RIB FPCPRCB50,CN CP5370V,CROPLAN,VT2P-RIB,FORTIVENT PLUS,01FM6009B,CN CP5370V-01FM6009B,200,D,9
1100027907456,TEMPLETON SEED HUB,6452800,20210225,  1100064615253,2047233,SHELBY BRYAN,CORN,2021,BG,00884464754972,CN CP5370SS/RIB FPCPFCB50,CN CP5370S,CROPLAN,SS-RIB,FORTIVENT PLUS,01FM5005B,CN CP5370S-01FM5005B,100,D,13
1100027907456,TEMPLETON SEED HUB,6452800,20210225,  1100064615253,2047233,SHELBY BRYAN,CORN,2021,BG,00884464711890,CN CP5370SS/RIB PVMCPFCB50,CN CP5370S,CROPLAN,SS-RIB,PONCHO 500/VOTIVO,81PA5527B,CN CP5370S-81PA5527B,150,D,17
1100028417954,NEW LEBANON SEED HUB,6734409,20210121,  1100021527889,3003775,BE N AG,CORN,2021,BG,00888346810695,DKC62-00RIB AF2 VT3P 80M BAS250 B,DKC62-00RI,DEKALB,VT3P-RIB,ACCELERON 250+B300,H52TPC9JT,DKC62-00RI-H52TPC9JT,24,S,1
1100028417954,NEW LEBANON SEED HUB,6734409,20210121,  1100021527889,3003775,BE N AG,CORN,2021,BG,00190794191302,DKC59-82RIB AF2 VT2P 80M ELT500 B-E,DKC59-82RI,DEKALB,VT2P-RIB,500+B360+ENHANCED DISEASE,H52TV43JX,DKC59-82RI-H52TV43JX,24,S,6
1100028417954,NEW LEBANON SEED HUB,6734409,20210121,  1100021527889,3003775,BE N AG,CORN,2021,BG,00190794140133,DKC65-95RIB AF2 VT2P 80M ELT500 B-E,DKC65-95RI,DEKALB,VT2P-RIB,500+B360+ENHANCED DISEASE,H52TRH4JT,DKC65-95RI-H52TRH4JT,24,S,12
1100028417954,NEW LEBANON SEED HUB,6734437,20210202,  1100013867627,3004735,WILLIAMS BILL  CCB,CORN,2021,UN,00190794192231,DKC66-18RIB AF2 VT2P SP50 ELT500 B-E,DKC66-18RI,DEKALB,VT2P-RIB,500+B360+ENHANCED DISEASE,H22YTY7JX,DKC66-18RI-H22YTY7JX,200,S,1
1100028417954,NEW LEBANON SEED HUB,6734437,20210202,  1100013867627,3004735,WILLIAMS BILL  CCB,CORN,2021,UN,00190794140126,DKC65-95RIB AF VT2P SP50 ELT500 B-E,DKC65-95RI,DEKALB,VT2P-RIB,500+B360+ENHANCED DISEASE,H21HPR3JX,DKC65-95RI-H21HPR3JX,200,S,5
1100028417954,NEW LEBANON SEED HUB,6734437,20210202,  1100013867627,3004735,WILLIAMS BILL  CCB,CORN,2021,UN,00190794139953,DKC63-57RIB AR2 VT2P SP45 ELT500 B-E,DKC63-57RI,DEKALB,VT2P-RIB,500+B360+ENHANCED DISEASE,H21WJA9JX,DKC63-57RI-H21WJA9JX,45,S,9
1100028417954,NEW LEBANON SEED HUB,6734437,20210202,  1100013867627,3004735,WILLIAMS BILL  CCB,CORN,2021,UN,00190794139953,DKC63-57RIB AR2 VT2P SP45 ELT500 B-E,DKC63-57RI,DEKALB,VT2P-RIB,500+B360+ENHANCED DISEASE,H13YVA4JX,DKC63-57RI-H13YVA4JX,90,S,13
1100028417954,NEW LEBANON SEED HUB,6734437,20210202,  1100013867627,3004735,WILLIAMS BILL  CCB,CORN,2021,UN,00190794191340,DKC59-82RIB AR2 VT2P SP45 ELT500 B-E,DKC59-82RI,DEKALB,VT2P-RIB,500+B360+ENHANCED DISEASE,H39YND9JX,DKC59-82RI-H39YND9JX,45,S,17
1100028417954,NEW LEBANON SEED HUB,6734437,20210202,  1100013867627,3004735,WILLIAMS BILL  CCB,CORN,2021,BG,00884464754453,CN CP5335VT2P/RIB FPCPFCB50,CN CP5335V,CROPLAN,VT2P-RIB,FORTIVENT PLUS,01FE5042B,CN CP5335V-01FE5042B,100,S,21
1100028417954,NEW LEBANON SEED HUB,6734437,20210202,  1100013867627,3004735,WILLIAMS BILL  CCB,CORN,2021,BG,00884464768214,CN CP5570VT2P/RIB FPCPRCB50,CN CP5570V,CROPLAN,VT2P-RIB,FORTIVENT PLUS,91FE6155B,CN CP5570V-91FE6155B,100,S,25
1100028417954,NEW LEBANON SEED HUB,6734437,20210202,  1100013867627,3004735,WILLIAMS BILL  CCB,CORN,2021,BG,00884464768863,CN CP5550VT2P/RIB FPCPF2CB50,CN CP5550V,CROPLAN,VT2P-RIB,FORTIVENT PLUS,01FV5128B,CN CP5550V-01FV5128B,100,S,29
1100028417954,NEW LEBANON SEED HUB,6734437,20210202,  1100013867627,3004735,WILLIAMS BILL  CCB,CORN,2021,UN,00190794142618,DKC64-32 AR SP50 ELT500 B-E,DKC64-32 A,DEKALB,CONV,500+B360+ENHANCED DISEASE,H35NEC4JX,DKC64-32 A-H35NEC4JX,100,S,33
1100028417954,NEW LEBANON SEED HUB,6734437,20210202,  1100013867627,3004735,WILLIAMS BILL  CCB,CORN,2021,BG,00190794139922,DKC63-57RIB AR2 VT2P 80M ELT500 B-E,DKC63-57RI,DEKALB,VT2P-RIB,500+B360+ENHANCED DISEASE,H21H4M4JX,DKC63-57RI-H21H4M4JX,15,S,37
1100028417954,NEW LEBANON SEED HUB,6734437,20210202,  1100013867627,3004735,WILLIAMS BILL  CCB,CORN,2021,UN,00190794150286,DKC62-53RIB AF2 VT2P SP50 ELT500 B-E,DKC62-53RI,DEKALB,VT2P-RIB,500+B360+ENHANCED DISEASE,H38YNR4JX,DKC62-53RI-H38YNR4JX,50,S,41
1100028417954,NEW LEBANON SEED HUB,6734484,20210222,  1100013867627,3004735,WILLIAMS BILL  CCB,CORN,2021,BG,00884464773911,CN CP5340CONV FP CPF CB50,CN CP5340C,CROPLAN,BLANK,FORTIVENT PLUS,01FC5087B,CN CP5340C-01FC5087B,100,S,1
1100028417954,NEW LEBANON SEED HUB,6734484,20210222,  1100013867627,3004735,WILLIAMS BILL  CCB,CORN,2021,BG,00190794191326,DKC59-82RIB AF VT2P 80M ELT500 B-E,DKC59-82RI,DEKALB,VT2P-RIB,500+B360+ENHANCED DISEASE,H35TEX7JT,DKC59-82RI-H35TEX7JT,5,S,5
1100028417954,NEW LEBANON SEED HUB,6734525,20210226,  1100012692060,3007935,CCK GRAIN FARM,CORN,2021,BG,00884464768863,CN CP5550VT2P/RIB FPCPF2CB50,CN CP5550V,CROPLAN,VT2P-RIB,FORTIVENT PLUS,01FE3044B,CN CP5550V-01FE3044B,50,I,1
1100028417954,NEW LEBANON SEED HUB,6734525,20210226,  1100012692060,3007935,CCK GRAIN FARM,CORN,2021,BG,00884464755757,CN CP5678VT2P/RIB FPCPFCB50,CN CP5678V,CROPLAN,VT2P-RIB,FORTIVENT PLUS,91FA5190B,CN CP5678V-91FA5190B,50,I,5
1100028417954,NEW LEBANON SEED HUB,6734525,20210226,  1100012692060,3007935,CCK GRAIN FARM,CORN,2021,UN,00190794335379,DKC64-65RIB AR VT2P SP50U ELT500 B-E,DKC64-65RI,DEKALB,VT2P-RIB,500+B360+ENHANCED DISEASE,H21NXH3JX,DKC64-65RI-H21NXH3JX,50,I,9
1100028417954,NEW LEBANON SEED HUB,6734525,20210226,  1100012692060,3007935,CCK GRAIN FARM,CORN,2021,BG,00884464754712,CN CP5340VT2P/RIB FPCPFCB50,CN CP5340V,CROPLAN,VT2P-RIB,FORTIVENT PLUS,91FA5172B,CN CP5340V-91FA5172B,50,I,13
1100028417954,NEW LEBANON SEED HUB,6734525,20210226,  1100012692060,3007935,CCK GRAIN FARM,CORN,2021,BG,00884464754453,CN CP5335VT2P/RIB FPCPFCB50,CN CP5335V,CROPLAN,VT2P-RIB,FORTIVENT PLUS,01FE5042B,CN CP5335V-01FE5042B,50,I,17
1100028417954,NEW LEBANON SEED HUB,6734518,20210224,  1100012732902,3010460,COLLINS ADAM R,CORN,2021,BG,00884464753425,CN CP4997VT2P/RIB FPCPRCB50,CN CP4997V,CROPLAN,VT2P-RIB,FORTIVENT PLUS,01FV6045CB,CN CP4997V-01FV6045CB,50,S,1
1100028417954,NEW LEBANON SEED HUB,6734518,20210224,  1100012732902,3010460,COLLINS ADAM R,CORN,2021,BG,00884464768863,CN CP5550VT2P/RIB FPCPF2CB50,CN CP5550V,CROPLAN,VT2P-RIB,FORTIVENT PLUS,01FE3044B,CN CP5550V-01FE3044B,50,S,5
1100028417954,NEW LEBANON SEED HUB,6734578,20210305,  1100012733053,3010485,COLLINS FERREL V,SOYBEANS,2021,UN,90190794332265,AG35XF1 XF SC-BULK-FG UNTR,AG35XF1 XF,ASGROW,RR2Y/DC,NO STANDARD OR SPECIAL TRTMT,ST0SH61G,AG35XF1 XF-ST0SH61G,120,S,1
1100028417954,NEW LEBANON SEED HUB,6734578,20210305,  1100012733053,3010485,COLLINS FERREL V,TREATMENT,2020,BG,1001240,BASIC,BASIC,CERES,,,,BASIC-,120,S,5
1100028417954,NEW LEBANON SEED HUB,6734590,20210308,  1100012733053,3010485,COLLINS FERREL V,SOYBEANS,2021,UN,90190794332531,AG38XF1 XF SC-BULK-FG UNTR,AG38XF1 XF,ASGROW,RR2Y/DC,NO STANDARD OR SPECIAL TRTMT,CE0SFS2X,AG38XF1 XF-CE0SFS2X,280,S,1
1100028417954,NEW LEBANON SEED HUB,6734590,20210308,  1100012733053,3010485,COLLINS FERREL V,TREATMENT,2020,BG,1001240,BASIC,BASIC,CERES,,,,BASIC-,280,S,5
1100028417954,NEW LEBANON SEED HUB,6734599,20210308,  1100012733053,3010485,COLLINS FERREL V,SOYBEANS,2021,BG,00884464779821,SB CP3640XF UNTBK,SB CP3640X,CROPLAN,XTENDFLEX,UNTREATED,05FL511,SB CP3640X-05FL511,120,S,1
1100028417954,NEW LEBANON SEED HUB,6734599,20210308,  1100012733053,3010485,COLLINS FERREL V,TREATMENT,2020,BG,1001240,BASIC,BASIC,CERES,,,,BASIC-,120,S,5
1100028417954,NEW LEBANON SEED HUB,6734420,20210125,  1100066151452,3012273,CYPRESS FARMS,CORN,2021,UN,00190794334617,DKC67-37RIB AF SS RIB SP50U ELT500 B-E,DKC67-37RI,DEKALB,SSPRIB,ACCELERON500+B300+ENHANCED DIS,H39Y433JX,DKC67-37RI-H39Y433JX,50,D,1
1100028417954,NEW LEBANON SEED HUB,6734420,20210125,  1100066151452,3012273,CYPRESS FARMS,CORN,2021,UN,00190794192231,DKC66-18RIB AF2 VT2P SP50 ELT500 B-E,DKC66-18RI,DEKALB,VT2P-RIB,500+B360+ENHANCED DISEASE,H52TVP4JX,DKC66-18RI-H52TVP4JX,250,D,6
1100028417954,NEW LEBANON SEED HUB,6734420,20210125,  1100066151452,3012273,CYPRESS FARMS,CORN,2021,UN,00190794139977,DKC63-57RIB AR VT2P SP50 ELT500 B-E,DKC63-57RI,DEKALB,VT2P-RIB,500+B360+ENHANCED DISEASE,H28Y9R4JX,DKC63-57RI-H28Y9R4JX,150,D,11
1100028417954,NEW LEBANON SEED HUB,6734420,20210125,  1100066151452,3012273,CYPRESS FARMS,CORN,2021,UN,00888346319600,DKC64-34RIB AF2 SS SP50 ELT500 B-E,DKC64-34RI,DEKALB,SS-RIB,ACCELERON500+B300+ENHANCED DIS,756W493JX,DKC64-34RI-756W493JX,50,D,16
1100028417954,NEW LEBANON SEED HUB,6734420,20210125,  1100066151452,3012273,CYPRESS FARMS,CORN,2021,UN,00190794191951,DKC65-99RIB AF Trecepta SP50 ELT500 B-E,DKC65-99RI,DEKALB,TRE-RIB,500+B360+ENHANCED DISEASE,H38YA49JX,DKC65-99RI-H38YA49JX,50,D,21
1100028417954,NEW LEBANON SEED HUB,6734420,20210125,  1100066151452,3012273,CYPRESS FARMS,CORN,2021,UN,00190794335430,DKC67-94RIB AF2 Trecepta SP50U ELT500 B-E,DKC67-94RI,DEKALB,TRE-RIB,500+B360+ENHANCED DISEASE,H26YWX9JX,DKC67-94RI-H26YWX9JX,100,D,26
1100028417954,NEW LEBANON SEED HUB,6734420,20210125,  1100066151452,3012273,CYPRESS FARMS,CORN,2021,UN,00190794139977,DKC63-57RIB AR VT2P SP50 ELT500 B-E,DKC63-57RI,DEKALB,VT2P-RIB,500+B360+ENHANCED DISEASE,H28Y9R4JX,DKC63-57RI-H28Y9R4JX,-150,D,32
1100028417954,NEW LEBANON SEED HUB,6734516,20210224,  1100066151452,3012273,CYPRESS FARMS,CORN,2021,BG,00888346319594,DKC64-34RIB AF SS 80M ELT500 B-E,DKC64-34RI,DEKALB,SS-RIB,ACCELERON500+B300+ENHANCED DIS,H52TTN7JT,DKC64-34RI-H52TTN7JT,37,S,1
1100028417954,NEW LEBANON SEED HUB,6734516,20210224,  1100066151452,3012273,CYPRESS FARMS,CORN,2021,BG,00190794139939,DKC63-57RIB AF VT2P 80M ELT500 B-E,DKC63-57RI,DEKALB,VT2P-RIB,500+B360+ENHANCED DISEASE,H21HYJ3JX,DKC63-57RI-H21HYJ3JX,33,S,6
1100028417954,NEW LEBANON SEED HUB,6734516,20210224,  1100066151452,3012273,CYPRESS FARMS,CORN,2021,UN,00190794334631,DKC67-37RIB AF2 SS RIB SP50U ELT500 B-E,DKC67-37RI,DEKALB,SSPRIB,ACCELERON500+B300+ENHANCED DIS,H39YDP7JX,DKC67-37RI-H39YDP7JX,100,S,11
1100028417954,NEW LEBANON SEED HUB,6734540,20210226,  1100066151452,3012273,CYPRESS FARMS,CORN,2021,UN,00190794139977,DKC63-57RIB AR VT2P SP50 ELT500 B-E,DKC63-57RI,DEKALB,VT2P-RIB,500+B360+ENHANCED DISEASE,H28Y9R4JX,DKC63-57RI-H28Y9R4JX,-150,S,1
1100028417954,NEW LEBANON SEED HUB,6734467,20210210,  1100015811987,3012290,D FARMS INC,CORN,2021,UN,00190794335416,DKC67-94RIB AF Trecepta SP50U ELT500 B-E,DKC67-94RI,DEKALB,TRE-RIB,500+B360+ENHANCED DISEASE,H26YLD3JX,DKC67-94RI-H26YLD3JX,50,S,1
1100028417954,NEW LEBANON SEED HUB,6734467,20210210,  1100015811987,3012290,D FARMS INC,CORN,2021,UN,00190794480062,DKC64-35RIB AF VT2P 50USP ELT500 B-E,DKC64-35RI,DEKALB,VT2P-RIB,500+B360+ENHANCED DISEASE,H21HJJ4JX,DKC64-35RI-H21HJJ4JX,50,S,5
1100028417954,NEW LEBANON SEED HUB,6734467,20210210,  1100015811987,3012290,D FARMS INC,CORN,2021,BG,00190794480055,DKC64-35RIB AF VT2P 80M ELT500 B-E,DKC64-35RI,DEKALB,VT2P-RIB,500+B360+ENHANCED DISEASE,H21HXH9JX,DKC64-35RI-H21HXH9JX,35,S,9
1100028417954,NEW LEBANON SEED HUB,6734467,20210210,  1100015811987,3012290,D FARMS INC,CORN,2021,BG,00190794192217,DKC66-18RIB AR VT2P 80M ELT500 B-E,DKC66-18RI,DEKALB,VT2P-RIB,500+B360+ENHANCED DISEASE,H35TAX9JX,DKC66-18RI-H35TAX9JX,35,S,13
1100028417954,NEW LEBANON SEED HUB,6734551,20210302,  1100015811987,3012290,D FARMS INC,CORN,2021,UN,00190794192248,DKC66-18RIB AR VT2P SP50 ELT500 B-E,DKC66-18RI,DEKALB,VT2P-RIB,500+B360+ENHANCED DISEASE,H21NFH3JX,DKC66-18RI-H21NFH3JX,100,S,1
1100028417954,NEW LEBANON SEED HUB,6734462,20210210,  1100013470001,3012315,PHEGLEY FARMS (D.A.),CORN,2021,BG,00884464754767,CN CP5340VT2P/RIB FPCPR280M,CN CP5340V,CROPLAN,VT2P-RIB,FORTIVENT PLUS,01FM4076,CN CP5340V-01FM4076,62,I,1
1100028417954,NEW LEBANON SEED HUB,6734462,20210210,  1100013470001,3012315,PHEGLEY FARMS (D.A.),CORN,2021,BG,00884464768856,CN CP5550VT2P/RIB FPCPF280M,CN CP5550V,CROPLAN,VT2P-RIB,FORTIVENT PLUS,01FV3126,CN CP5550V-01FV3126,38,I,5
1100028417954,NEW LEBANON SEED HUB,6734462,20210210,  1100013470001,3012315,PHEGLEY FARMS (D.A.),CORN,2021,BG,00190794150248,DKC62-53RIB AR2 VT2P 80M ELT500 B-E,DKC62-53RI,DEKALB,VT2P-RIB,500+B360+ENHANCED DISEASE,H21YNT7JX,DKC62-53RI-H21YNT7JX,54,I,9
1100028417954,NEW LEBANON SEED HUB,6734462,20210210,  1100013470001,3012315,PHEGLEY FARMS (D.A.),CORN,2021,BG,00190794140157,DKC65-95RIB AF VT2P 80M ELT500 B-E,DKC65-95RI,DEKALB,VT2P-RIB,500+B360+ENHANCED DISEASE,H52TPW4JT,DKC65-95RI-H52TPW4JT,65,I,13
1100028417954,NEW LEBANON SEED HUB,6734462,20210210,  1100013470001,3012315,PHEGLEY FARMS (D.A.),CORN,2021,BG,00190794140164,DKC65-95RIB AR VT2P 80M ELT500 B-E,DKC65-95RI,DEKALB,VT2P-RIB,500+B360+ENHANCED DISEASE,H35TLR3JT,DKC65-95RI-H35TLR3JT,60,I,17
1100028417954,NEW LEBANON SEED HUB,6734462,20210210,  1100013470001,3012315,PHEGLEY FARMS (D.A.),CORN,2021,BG,00190794140164,DKC65-95RIB AR VT2P 80M ELT500 B-E,DKC65-95RI,DEKALB,VT2P-RIB,500+B360+ENHANCED DISEASE,H18HWR7JT,DKC65-95RI-H18HWR7JT,26,I,21
1100028417954,NEW LEBANON SEED HUB,6734462,20210210,  1100013470001,3012315,PHEGLEY FARMS (D.A.),CORN,2021,BG,00190794192200,DKC66-18RIB AF VT2P 80M ELT500 B-E,DKC66-18RI,DEKALB,VT2P-RIB,500+B360+ENHANCED DISEASE,H35T3M9JX,DKC66-18RI-H35T3M9JX,28,I,25
1100028417954,NEW LEBANON SEED HUB,6734462,20210210,  1100013470001,3012315,PHEGLEY FARMS (D.A.),CORN,2021,BG,00190794192217,DKC66-18RIB AR VT2P 80M ELT500 B-E,DKC66-18RI,DEKALB,VT2P-RIB,500+B360+ENHANCED DISEASE,H35TAX9JX,DKC66-18RI-H35TAX9JX,52,I,29
1100028417954,NEW LEBANON SEED HUB,6734462,20210210,  1100013470001,3012315,PHEGLEY FARMS (D.A.),CORN,2021,BG,00190794335362,DKC64-65RIB AR VT2P 80M ELT500 B-E,DKC64-65RI,DEKALB,VT2P-RIB,500+B360+ENHANCED DISEASE,H21NLL3JX,DKC64-65RI-H21NLL3JX,15,I,33
1100028417954,NEW LEBANON SEED HUB,6734462,20210210,  1100013470001,3012315,PHEGLEY FARMS (D.A.),CORN,2021,BG,00884464658478,CN CP5678VT2P/RIB ACCPR80M,CN CP5678V,CROPLAN,VT2P-RIB,ACCELERON,81AA6196,CN CP5678V-81AA6196,15,I,37
1100028417954,NEW LEBANON SEED HUB,6734462,20210210,  1100013470001,3012315,PHEGLEY FARMS (D.A.),CORN,2021,BG,00888346317545,DKC70-27RIB AR VT2P 80M ELT250 B-E,DKC70-27RI,DEKALB,VT2P-RIB,ACCELERON250+B300+ENHANCED DIS,253PLX3JT,DKC70-27RI-253PLX3JT,45,I,41
1100028417954,NEW LEBANON SEED HUB,6734462,20210210,  1100013470001,3012315,PHEGLEY FARMS (D.A.),CORN,2021,BG,00884464754460,CN CP5335VT2P/RIB FPCPR80M,CN CP5335V,CROPLAN,VT2P-RIB,FORTIVENT PLUS,01FE6041,CN CP5335V-01FE6041,48,I,45
1100028417954,NEW LEBANON SEED HUB,6734462,20210210,  1100013470001,3012315,PHEGLEY FARMS (D.A.),CORN,2021,BG,00190794335409,DKC67-94RIB AF Trecepta 80M ELT500 B-E,DKC67-94RI,DEKALB,TRE-RIB,500+B360+ENHANCED DISEASE,H26YFR3JX,DKC67-94RI-H26YFR3JX,63,I,49
1100028417954,NEW LEBANON SEED HUB,6734515,20210224,  1100015806020,3012328,D&J GRAIN LLC,CORN,2021,UN,00190794139977,DKC63-57RIB AR VT2P SP50 ELT500 B-E,DKC63-57RI,DEKALB,VT2P-RIB,500+B360+ENHANCED DISEASE,H35N9R9JX,DKC63-57RI-H35N9R9JX,100,S,1
1100028417954,NEW LEBANON SEED HUB,6734515,20210224,  1100015806020,3012328,D&J GRAIN LLC,CORN,2021,UN,00888346319587,DKC64-34RIB AF SS SP50 ELT500 B-E,DKC64-34RI,DEKALB,SS-RIB,ACCELERON500+B300+ENHANCED DIS,756W1L3JX,DKC64-34RI-756W1L3JX,100,S,6
1100028417954,NEW LEBANON SEED HUB,6734515,20210224,  1100015806020,3012328,D&J GRAIN LLC,CORN,2021,UN,00190794140188,DKC65-95RIB AF2 VT2P SP50 ELT500 B-E,DKC65-95RI,DEKALB,VT2P-RIB,500+B360+ENHANCED DISEASE,H18YX97JX,DKC65-95RI-H18YX97JX,50,S,11
1100028417954,NEW LEBANON SEED HUB,6734552,20210302,  1100022820880,3013855,OSBORNE DON FARM INC.,CORN,2021,UN,00190794192248,DKC66-18RIB AR VT2P SP50 ELT500 B-E,DKC66-18RI,DEKALB,VT2P-RIB,500+B360+ENHANCED DISEASE,H21NFH3JX,DKC66-18RI-H21NFH3JX,50,I,1
1100028417954,NEW LEBANON SEED HUB,6734552,20210302,  1100022820880,3013855,OSBORNE DON FARM INC.,CORN,2021,UN,00190794139977,DKC63-57RIB AR VT2P SP50 ELT500 B-E,DKC63-57RI,DEKALB,VT2P-RIB,500+B360+ENHANCED DISEASE,H35N9R9JX,DKC63-57RI-H35N9R9JX,50,I,5
1100028417954,NEW LEBANON SEED HUB,6734552,20210302,  1100022820880,3013855,OSBORNE DON FARM INC.,CORN,2021,UN,00190794191340,DKC59-82RIB AR2 VT2P SP45 ELT500 B-E,DKC59-82RI,DEKALB,VT2P-RIB,500+B360+ENHANCED DISEASE,H22YRK9JX,DKC59-82RI-H22YRK9JX,45,I,9
1100028417954,NEW LEBANON SEED HUB,6734552,20210302,  1100022820880,3013855,OSBORNE DON FARM INC.,CORN,2021,BG,00190794191326,DKC59-82RIB AF VT2P 80M ELT500 B-E,DKC59-82RI,DEKALB,VT2P-RIB,500+B360+ENHANCED DISEASE,H52TNA3JT,DKC59-82RI-H52TNA3JT,4,I,13
1100028417954,NEW LEBANON SEED HUB,6734552,20210302,  1100022820880,3013855,OSBORNE DON FARM INC.,CORN,2021,BG,00190794191326,DKC59-82RIB AF VT2P 80M ELT500 B-E,DKC59-82RI,DEKALB,VT2P-RIB,500+B360+ENHANCED DISEASE,H52TMN3JT,DKC59-82RI-H52TMN3JT,1,I,17
1100028417954,NEW LEBANON SEED HUB,6734415,20210121,  1100046448176,3015250,EDWARDS JOSEPH C,CORN,2021,BG,00884464768818,CN CP5550VT2P/RIB FPCPF80M,CN CP5550V,CROPLAN,VT2P-RIB,FORTIVENT PLUS,01FE5044,CN CP5550V-01FE5044,50,S,1
1100028417954,NEW LEBANON SEED HUB,6734415,20210121,  1100046448176,3015250,EDWARDS JOSEPH C,CORN,2021,BG,00884464752879,CN CP4444VT2P/RIB FPCPF80M,CN CP4444V,CROPLAN,VT2P-RIB,FORTIVENT PLUS,01FV5042,CN CP4444V-01FV5042,50,S,5
1100028417954,NEW LEBANON SEED HUB,6734415,20210121,  1100046448176,3015250,EDWARDS JOSEPH C,CORN,2021,BG,00884464789486,CN CP5115VT2P/RIB FPCPF80M,CN CP5115V,CROPLAN,VT2P-RIB,FORTIVENT PLUS,01FV5087,CN CP5115V-01FV5087,50,S,9
1100028417954,NEW LEBANON SEED HUB,6734415,20210121,  1100046448176,3015250,EDWARDS JOSEPH C,CORN,2021,BG,00884464754446,CN CP5335VT2P/RIB FPCPF80M,CN CP5335V,CROPLAN,VT2P-RIB,FORTIVENT PLUS,01FE5041,CN CP5335V-01FE5041,50,S,13
1100028417954,NEW LEBANON SEED HUB,6734415,20210121,  1100046448176,3015250,EDWARDS JOSEPH C,CORN,2021,BG,00884464753432,CN CP4997VT2P/RIB FPCPF280M,CN CP4997V,CROPLAN,VT2P-RIB,FORTIVENT PLUS,01FV3044C,CN CP4997V-01FV3044C,25,S,17
1100028417954,NEW LEBANON SEED HUB,6734415,20210121,  1100046448176,3015250,EDWARDS JOSEPH C,CORN,2021,BG,00884464754705,CN CP5340VT2P/RIB FPCPF80M,CN CP5340V,CROPLAN,VT2P-RIB,FORTIVENT PLUS,91FA5172,CN CP5340V-91FA5172,25,S,21
1100028417954,NEW LEBANON SEED HUB,6734415,20210121,  1100046448176,3015250,EDWARDS JOSEPH C,CORN,2021,BG,00884464544238,CN CP4199VT2P/RIB ACCPF80M,CN CP4199V,CROPLAN,VT2P-RIB,ACCELERON,81AA5833,CN CP4199V-81AA5833,16,S,25
1100028417954,NEW LEBANON SEED HUB,6734415,20210121,  1100046448176,3015250,EDWARDS JOSEPH C,CORN,2021,BG,00884464544238,CN CP4199VT2P/RIB ACCPF80M,CN CP4199V,CROPLAN,VT2P-RIB,ACCELERON,71AA5832C,CN CP4199V-71AA5832C,14,S,29
1100028417954,NEW LEBANON SEED HUB,6734608,20210310,  1100046448176,3015250,EDWARDS JOSEPH C,SOYBEANS,2021,BG,00884464779821,SB CP3640XF UNTBK,SB CP3640X,CROPLAN,XTENDFLEX,UNTREATED,05FL511,SB CP3640X-05FL511,200,S,1
1100028417954,NEW LEBANON SEED HUB,6734608,20210310,  1100046448176,3015250,EDWARDS JOSEPH C,TREATMENT,2020,BG,1001354,STANDARD ( ACC F + PRESIDE ),STANDARD (,CERES,,,,STANDARD (-,200,S,5
1100028417954,NEW LEBANON SEED HUB,6734608,20210310,  1100046448176,3015250,EDWARDS JOSEPH C,SOYBEANS,2021,BG,00884464779890,SB CP3941XFS UNT40UMB,SB CP3941X,CROPLAN,XTENDFLEX,UNTREATED,05GR530,SB CP3941X-05GR530,120,S,6
1100028417954,NEW LEBANON SEED HUB,6734608,20210310,  1100046448176,3015250,EDWARDS JOSEPH C,TREATMENT,2020,BG,1001354,STANDARD ( ACC F + PRESIDE ),STANDARD (,CERES,,,,STANDARD (-,120,S,10
1100028417954,NEW LEBANON SEED HUB,6734608,20210310,  1100046448176,3015250,EDWARDS JOSEPH C,SOYBEANS,2021,BG,00884464788717,SB CP3041XF UNT40UMB,SB CP3041X,CROPLAN,XTENDFLEX/STS,UNTREATED,05GR524,SB CP3041X-05GR524,120,S,11
1100028417954,NEW LEBANON SEED HUB,6734608,20210310,  1100046448176,3015250,EDWARDS JOSEPH C,TREATMENT,2020,BG,1001354,STANDARD ( ACC F + PRESIDE ),STANDARD (,CERES,,,,STANDARD (-,120,S,15
1100028417954,NEW LEBANON SEED HUB,6734608,20210310,  1100046448176,3015250,EDWARDS JOSEPH C,SOYBEANS,2021,BG,00884464780100,SB CP4541XFS UNT40UMB,SB CP4541X,CROPLAN,XTENDFLEX/STS,UNTREATED,05RG505,SB CP4541X-05RG505,80,S,16
1100028417954,NEW LEBANON SEED HUB,6734608,20210310,  1100046448176,3015250,EDWARDS JOSEPH C,TREATMENT,2020,BG,1001340,STANDARD + SALTRO,STANDARD +,CERES,,,,STANDARD +-,80,S,20
1100028417954,NEW LEBANON SEED HUB,6734608,20210310,  1100046448176,3015250,EDWARDS JOSEPH C,SOYBEANS,2021,BG,00884464779531,SB CP2741XFS UNT40UMB,SB CP2741X,CROPLAN,XTENDFLEX,UNTREATED,05SC526,SB CP2741X-05SC526,160,S,21
1100028417954,NEW LEBANON SEED HUB,6734608,20210310,  1100046448176,3015250,EDWARDS JOSEPH C,TREATMENT,2020,BG,1001340,STANDARD + SALTRO,STANDARD +,CERES,,,,STANDARD +-,160,S,25
1100028417954,NEW LEBANON SEED HUB,6734608,20210310,  1100046448176,3015250,EDWARDS JOSEPH C,SOYBEANS,2021,BG,00884464780117,SB CP4541XFS UNT140M,SB CP4541X,CROPLAN,XTENDFLEX/STS,UNTREATED,01RG526,SB CP4541X-01RG526,25,S,26
1100028417954,NEW LEBANON SEED HUB,6734608,20210310,  1100046448176,3015250,EDWARDS JOSEPH C,SOYBEANS,2021,BG,00884464779548,SB CP2741XFS UNT140M,SB CP2741X,CROPLAN,XTENDFLEX,UNTREATED,01SC540,SB CP2741X-01SC540,20,S,30
1100028417954,NEW LEBANON SEED HUB,6734384,20210111,  1100012851214,3016305,FAGG MIKE R,SOYBEANS,2021,UN,00190794331982,AG29XF1 XF 40SCUMB UNTR,AG29XF1 XF,ASGROW,RR2Y/DC,NO STANDARD OR SPECIAL TRTMT,WN0SBA3A,AG29XF1 XF-WN0SBA3A,80,S,1
1100028417954,NEW LEBANON SEED HUB,6734384,20210111,  1100012851214,3016305,FAGG MIKE R,TREATMENT,2020,BG,1001240,BASIC,BASIC,CERES,,,,BASIC-,80,S,5
1100028417954,NEW LEBANON SEED HUB,6734579,20210305,  1100012851214,3016305,FAGG MIKE R,SOYBEANS,2021,UN,00190794331982,AG29XF1 XF 40SCUMB UNTR,AG29XF1 XF,ASGROW,RR2Y/DC,NO STANDARD OR SPECIAL TRTMT,WN0SBA3A,AG29XF1 XF-WN0SBA3A,80,S,1
1100028417954,NEW LEBANON SEED HUB,6734579,20210305,  1100012851214,3016305,FAGG MIKE R,TREATMENT,2020,BG,1001340,STANDARD + SALTRO,STANDARD +,CERES,,,,STANDARD +-,80,S,5
1100028417954,NEW LEBANON SEED HUB,6734579,20210305,  1100012851214,3016305,FAGG MIKE R,SOYBEANS,2021,UN,90190794332265,AG35XF1 XF SC-BULK-FG UNTR,AG35XF1 XF,ASGROW,RR2Y/DC,NO STANDARD OR SPECIAL TRTMT,ST0SH61G,AG35XF1 XF-ST0SH61G,80,S,6
1100028417954,NEW LEBANON SEED HUB,6734579,20210305,  1100012851214,3016305,FAGG MIKE R,TREATMENT,2020,BG,1001240,BASIC,BASIC,CERES,,,,BASIC-,80,S,10
1100028417954,NEW LEBANON SEED HUB,6734584,20210308,  1100012851214,3016305,FAGG MIKE R,SOYBEANS,2021,UN,90190794332531,AG38XF1 XF SC-BULK-FG UNTR,AG38XF1 XF,ASGROW,RR2Y/DC,NO STANDARD OR SPECIAL TRTMT,CE0SFS2X,AG38XF1 XF-CE0SFS2X,160,S,1
1100028417954,NEW LEBANON SEED HUB,6734584,20210308,  1100012851214,3016305,FAGG MIKE R,TREATMENT,2020,BG,1001240,BASIC,BASIC,CERES,,,,BASIC-,160,S,5
1100028417954,NEW LEBANON SEED HUB,6734543,20210301,  1100012866867,3016960,FIGG JEFFREY R,CORN,2021,BG,00190794139922,DKC63-57RIB AR2 VT2P 80M ELT500 B-E,DKC63-57RI,DEKALB,VT2P-RIB,500+B360+ENHANCED DISEASE,H35NJE3JX,DKC63-57RI-H35NJE3JX,16,S,1
1100028417954,NEW LEBANON SEED HUB,6734543,20210301,  1100012866867,3016960,FIGG JEFFREY R,CORN,2021,BG,00190794150255,DKC62-53RIB AF VT2P 80M ELT500 B-E,DKC62-53RI,DEKALB,VT2P-RIB,500+B360+ENHANCED DISEASE,H21YJF4JX,DKC62-53RI-H21YJF4JX,16,S,5
1100028417954,NEW LEBANON SEED HUB,6734543,20210301,  1100012866867,3016960,FIGG JEFFREY R,CORN,2021,BG,00190794191777,DKC63-91RIB AR VT2P 80M ELT500 B-E,DKC63-91RI,DEKALB,VT2P-RIB,500+B360+ENHANCED DISEASE,H52TCA4JT,DKC63-91RI-H52TCA4JT,32,S,9
1100028417954,NEW LEBANON SEED HUB,6734543,20210301,  1100012866867,3016960,FIGG JEFFREY R,CORN,2021,BG,00884464754446,CN CP5335VT2P/RIB FPCPF80M,CN CP5335V,CROPLAN,VT2P-RIB,FORTIVENT PLUS,01FE5052,CN CP5335V-01FE5052,28,S,13
1100028417954,NEW LEBANON SEED HUB,6734543,20210301,  1100012866867,3016960,FIGG JEFFREY R,CORN,2021,BG,00884464768832,CN CP5550VT2P/RIB FPCPR80M,CN CP5550V,CROPLAN,VT2P-RIB,FORTIVENT PLUS,01FE6044,CN CP5550V-01FE6044,2,S,17
1100028417954,NEW LEBANON SEED HUB,6734543,20210301,  1100012866867,3016960,FIGG JEFFREY R,CORN,2021,BG,00884464768818,CN CP5550VT2P/RIB FPCPF80M,CN CP5550V,CROPLAN,VT2P-RIB,FORTIVENT PLUS,01FE5044,CN CP5550V-01FE5044,30,S,21
1100028417954,NEW LEBANON SEED HUB,6734543,20210301,  1100012866867,3016960,FIGG JEFFREY R,CORN,2021,BG,00884464754705,CN CP5340VT2P/RIB FPCPF80M,CN CP5340V,CROPLAN,VT2P-RIB,FORTIVENT PLUS,91FA5173C,CN CP5340V-91FA5173C,27,S,25
1100028417954,NEW LEBANON SEED HUB,6734526,20210226,  1100021112306,3017405,FORBES KENNY L,CORN,2021,UN,00190794150224,DKC62-53RIB AF VT2P SP50 ELT500 B-E,DKC62-53RI,DEKALB,VT2P-RIB,500+B360+ENHANCED DISEASE,H38Y1Y9JX,DKC62-53RI-H38Y1Y9JX,50,S,1
1100028417954,NEW LEBANON SEED HUB,6734526,20210226,  1100021112306,3017405,FORBES KENNY L,TREATMENT,2019,BG,1001297,SEED TRT ASCEND,SEED TRT A,TREATMENT,,,,SEED TRT A-,50,S,5
1100028417954,NEW LEBANON SEED HUB,6734526,20210226,  1100021112306,3017405,FORBES KENNY L,CORN,2021,BG,00884464768825,CN CP5550VT2P/RIB FPCPFCB50,CN CP5550V,CROPLAN,VT2P-RIB,FORTIVENT PLUS,01FE5044B,CN CP5550V-01FE5044B,50,S,6
1100028417954,NEW LEBANON SEED HUB,6734526,20210226,  1100021112306,3017405,FORBES KENNY L,TREATMENT,2019,BG,1001297,SEED TRT ASCEND,SEED TRT A,TREATMENT,,,,SEED TRT A-,50,S,10
1100028417954,NEW LEBANON SEED HUB,6734526,20210226,  1100021112306,3017405,FORBES KENNY L,CORN,2021,BG,00884464754477,CN CP5335VT2P/RIB FPCPRCB50,CN CP5335V,CROPLAN,VT2P-RIB,FORTIVENT PLUS,01FE6041B,CN CP5335V-01FE6041B,50,S,11
1100028417954,NEW LEBANON SEED HUB,6734526,20210226,  1100021112306,3017405,FORBES KENNY L,TREATMENT,2019,BG,1001297,SEED TRT ASCEND,SEED TRT A,TREATMENT,,,,SEED TRT A-,50,S,15
1100028417954,NEW LEBANON SEED HUB,6734526,20210226,  1100021112306,3017405,FORBES KENNY L,CORN,2021,UN,00190794335355,DKC64-65RIB AF2 VT2P SP50U ELT500 B-E,DKC64-65RI,DEKALB,VT2P-RIB,500+B360+ENHANCED DISEASE,H21NJ14JX,DKC64-65RI-H21NJ14JX,50,S,16
1100028417954,NEW LEBANON SEED HUB,6734526,20210226,  1100021112306,3017405,FORBES KENNY L,TREATMENT,2019,BG,1001297,SEED TRT ASCEND,SEED TRT A,TREATMENT,,,,SEED TRT A-,50,S,20
1100028417954,NEW LEBANON SEED HUB,6734526,20210226,  1100021112306,3017405,FORBES KENNY L,CORN,2021,UN,00190794191364,DKC59-82RIB AR VT2P SP50 ELT500 B-E,DKC59-82RI,DEKALB,VT2P-RIB,500+B360+ENHANCED DISEASE,H39Y1M4JX,DKC59-82RI-H39Y1M4JX,50,S,21
1100028417954,NEW LEBANON SEED HUB,6734526,20210226,  1100021112306,3017405,FORBES KENNY L,TREATMENT,2019,BG,1001297,SEED TRT ASCEND,SEED TRT A,TREATMENT,,,,SEED TRT A-,50,S,25
1100028417954,NEW LEBANON SEED HUB,6734526,20210226,  1100021112306,3017405,FORBES KENNY L,CORN,2021,BG,00884464768818,CN CP5550VT2P/RIB FPCPF80M,CN CP5550V,CROPLAN,VT2P-RIB,FORTIVENT PLUS,01FE5044,CN CP5550V-01FE5044,12,S,26
1100028417954,NEW LEBANON SEED HUB,6734567,20210304,  1100021112306,3017405,FORBES KENNY L,CORN,2021,UN,00190794191807,DKC63-91RIB AR VT2P SP50 ELT500 B-E,DKC63-91RI,DEKALB,VT2P-RIB,500+B360+ENHANCED DISEASE,H21NTE7JX,DKC63-91RI-H21NTE7JX,50,S,1
1100028417954,NEW LEBANON SEED HUB,6734567,20210304,  1100021112306,3017405,FORBES KENNY L,TREATMENT,2019,BG,1001297,SEED TRT ASCEND,SEED TRT A,TREATMENT,,,,SEED TRT A-,50,S,5
1100028417954,NEW LEBANON SEED HUB,6734517,20210224,  1100012954267,3020265,GROOVER CLINT,CORN,2021,UN,00190794192170,DKC66-18RIB AF VT2P SP50 ELT500 B-E,DKC66-18RI,DEKALB,VT2P-RIB,500+B360+ENHANCED DISEASE,H22YCC9JX,DKC66-18RI-H22YCC9JX,50,S,1
1100028417954,NEW LEBANON SEED HUB,6734517,20210224,  1100012954267,3020265,GROOVER CLINT,CORN,2021,UN,00888346317538,DKC70-27RIB AR VT2P SP50 ELT250 B-E,DKC70-27RI,DEKALB,VT2P-RIB,ACCELERON250+B300+ENHANCED DIS,H52TFW9JX,DKC70-27RI-H52TFW9JX,50,S,5
1100028417954,NEW LEBANON SEED HUB,6734549,20210302,  1100012954267,3020265,GROOVER CLINT,CORN,2021,UN,00190794335416,DKC67-94RIB AF Trecepta SP50U ELT500 B-E,DKC67-94RI,DEKALB,TRE-RIB,500+B360+ENHANCED DISEASE,H21N474JX,DKC67-94RI-H21N474JX,50,S,1
1100028417954,NEW LEBANON SEED HUB,6734577,20210305,  1100012954267,3020265,GROOVER CLINT,SOYBEANS,2021,UN,90190794332265,AG35XF1 XF SC-BULK-FG UNTR,AG35XF1 XF,ASGROW,RR2Y/DC,NO STANDARD OR SPECIAL TRTMT,ST0SH61G,AG35XF1 XF-ST0SH61G,80,S,1
1100028417954,NEW LEBANON SEED HUB,6734577,20210305,  1100012954267,3020265,GROOVER CLINT,TREATMENT,2020,BG,1001354,STANDARD ( ACC F + PRESIDE ),STANDARD (,CERES,,,,STANDARD (-,80,S,5
1100028417954,NEW LEBANON SEED HUB,6734434,20210201,  1100039121178,3020270,GROOVER JAMES P,CORN,2021,UN,00190794192170,DKC66-18RIB AF VT2P SP50 ELT500 B-E,DKC66-18RI,DEKALB,VT2P-RIB,500+B360+ENHANCED DISEASE,H26PDA4JX,DKC66-18RI-H26PDA4JX,100,S,1
1100028417954,NEW LEBANON SEED HUB,6734434,20210201,  1100039121178,3020270,GROOVER JAMES P,CORN,2021,BG,00884464768887,CN CP5550VT2P/RIB FPCPR2CB50,CN CP5550V,CROPLAN,VT2P-RIB,FORTIVENT PLUS,01FV6127B,CN CP5550V-01FV6127B,50,S,5
1100028417954,NEW LEBANON SEED HUB,6734440,20210203,  1100039121178,3020270,GROOVER JAMES P,CORN,2021,BG,00884464768887,CN CP5550VT2P/RIB FPCPR2CB50,CN CP5550V,CROPLAN,VT2P-RIB,FORTIVENT PLUS,01FV6127B,CN CP5550V-01FV6127B,50,D,1
1100028417954,NEW LEBANON SEED HUB,6734440,20210203,  1100039121178,3020270,GROOVER JAMES P,CORN,2021,UN,00190794192170,DKC66-18RIB AF VT2P SP50 ELT500 B-E,DKC66-18RI,DEKALB,VT2P-RIB,500+B360+ENHANCED DISEASE,H26PDA4JX,DKC66-18RI-H26PDA4JX,100,D,4
1100028417954,NEW LEBANON SEED HUB,6734576,20210305,  1100039121178,3020270,GROOVER JAMES P,SOYBEANS,2021,UN,90190794332265,AG35XF1 XF SC-BULK-FG UNTR,AG35XF1 XF,ASGROW,RR2Y/DC,NO STANDARD OR SPECIAL TRTMT,ST0SH61G,AG35XF1 XF-ST0SH61G,160,S,1
1100028417954,NEW LEBANON SEED HUB,6734576,20210305,  1100039121178,3020270,GROOVER JAMES P,TREATMENT,2020,BG,1001354,STANDARD ( ACC F + PRESIDE ),STANDARD (,CERES,,,,STANDARD (-,160,S,4
1100028417954,NEW LEBANON SEED HUB,6734593,20210308,  1100039121178,3020270,GROOVER JAMES P,SOYBEANS,2021,UN,90190794332531,AG38XF1 XF SC-BULK-FG UNTR,AG38XF1 XF,ASGROW,RR2Y/DC,NO STANDARD OR SPECIAL TRTMT,CE0SFS2X,AG38XF1 XF-CE0SFS2X,160,S,1
1100028417954,NEW LEBANON SEED HUB,6734593,20210308,  1100039121178,3020270,GROOVER JAMES P,TREATMENT,2020,BG,1001354,STANDARD ( ACC F + PRESIDE ),STANDARD (,CERES,,,,STANDARD (-,160,S,4
1100028417954,NEW LEBANON SEED HUB,6734411,20210121,  1100013004589,3022675,HAYHURST FARMS,CORN,2021,UN,00190794191807,DKC63-91RIB AR VT2P SP50 ELT500 B-E,DKC63-91RI,DEKALB,VT2P-RIB,500+B360+ENHANCED DISEASE,H38YHW3JX,DKC63-91RI-H38YHW3JX,50,S,1
1100028417954,NEW LEBANON SEED HUB,6734411,20210121,  1100013004589,3022675,HAYHURST FARMS,CORN,2021,UN,00190794139953,DKC63-57RIB AR2 VT2P SP45 ELT500 B-E,DKC63-57RI,DEKALB,VT2P-RIB,500+B360+ENHANCED DISEASE,H21H774JX,DKC63-57RI-H21H774JX,45,S,5
1100028417954,NEW LEBANON SEED HUB,6734411,20210121,  1100013004589,3022675,HAYHURST FARMS,CORN,2021,UN,00190794191340,DKC59-82RIB AR2 VT2P SP45 ELT500 B-E,DKC59-82RI,DEKALB,VT2P-RIB,500+B360+ENHANCED DISEASE,H39YND9JX,DKC59-82RI-H39YND9JX,45,S,9
1100028417954,NEW LEBANON SEED HUB,6734506,20210224,  1100013004589,3022675,HAYHURST FARMS,CORN,2021,UN,00190794480086,DKC64-35RIB AF2 VT2P 50USP ELT500 B-E,DKC64-35RI,DEKALB,VT2P-RIB,500+B360+ENHANCED DISEASE,H21HHJ3JX,DKC64-35RI-H21HHJ3JX,100,S,1
1100028417954,NEW LEBANON SEED HUB,6734506,20210224,  1100013004589,3022675,HAYHURST FARMS,CORN,2021,UN,00190794140188,DKC65-95RIB AF2 VT2P SP50 ELT500 B-E,DKC65-95RI,DEKALB,VT2P-RIB,500+B360+ENHANCED DISEASE,H21HYK3JX,DKC65-95RI-H21HYK3JX,50,S,5
1100028417954,NEW LEBANON SEED HUB,6734506,20210224,  1100013004589,3022675,HAYHURST FARMS,CORN,2021,BG,00190794139922,DKC63-57RIB AR2 VT2P 80M ELT500 B-E,DKC63-57RI,DEKALB,VT2P-RIB,500+B360+ENHANCED DISEASE,H21H4M4JX,DKC63-57RI-H21H4M4JX,5,S,9
1100028417954,NEW LEBANON SEED HUB,6734506,20210224,  1100013004589,3022675,HAYHURST FARMS,CORN,2021,BG,00190794191326,DKC59-82RIB AF VT2P 80M ELT500 B-E,DKC59-82RI,DEKALB,VT2P-RIB,500+B360+ENHANCED DISEASE,H35TEX7JT,DKC59-82RI-H35TEX7JT,5,S,13
1100028417954,NEW LEBANON SEED HUB,6734461,20210210,  1100065202469,3024206,HOLSCHER FAMILY FARMS,CORN,2021,UN,00190794142540,DKC64-32 AF SP50 ELT500 B-E,DKC64-32 A,DEKALB,CONV,500+B360+ENHANCED DISEASE,H35N344JX,DKC64-32 A-H35N344JX,500,I,1
1100028417954,NEW LEBANON SEED HUB,6734461,20210210,  1100065202469,3024206,HOLSCHER FAMILY FARMS,CORN,2021,UN,00190794459921,DKC65-92 AF SP50U ELT500 B-E,DKC65-92 A,DEKALB,CONV,500+B360+ENHANCED DISEASE,H22YND3JX,DKC65-92 A-H22YND3JX,100,I,5
1100028417954,NEW LEBANON SEED HUB,6734461,20210210,  1100065202469,3024206,HOLSCHER FAMILY FARMS,CORN,2021,UN,00190794459853,DKC63-58 AF2 SP50U ELT500 B-E,DKC63-58 A,DEKALB,CONV,500+B360+ENHANCED DISEASE,H21HDW9JX,DKC63-58 A-H21HDW9JX,100,I,9
1100028417954,NEW LEBANON SEED HUB,6734461,20210210,  1100065202469,3024206,HOLSCHER FAMILY FARMS,CORN,2021,BG,00190794459815,DKC63-58 AF2 80M ELT500 B-E,DKC63-58 A,DEKALB,CONV,500+B360+ENHANCED DISEASE,H21HDE9JX,DKC63-58 A-H21HDE9JX,16,I,13
1100028417954,NEW LEBANON SEED HUB,6734461,20210210,  1100065202469,3024206,HOLSCHER FAMILY FARMS,CORN,2021,BG,00190794459815,DKC63-58 AF2 80M ELT500 B-E,DKC63-58 A,DEKALB,CONV,500+B360+ENHANCED DISEASE,H21HWY4JX,DKC63-58 A-H21HWY4JX,2,I,17
1100028417954,NEW LEBANON SEED HUB,6734460,20210209,  1100067344679,3024209,HOLSCHER GRAIN FARMS GENERAL PARTNERSHIP,CORN,2021,UN,00190794142540,DKC64-32 AF SP50 ELT500 B-E,DKC64-32 A,DEKALB,CONV,500+B360+ENHANCED DISEASE,H35N344JX,DKC64-32 A-H35N344JX,250,I,1
1100028417954,NEW LEBANON SEED HUB,6734460,20210209,  1100067344679,3024209,HOLSCHER GRAIN FARMS GENERAL PARTNERSHIP,CORN,2021,UN,00190794142618,DKC64-32 AR SP50 ELT500 B-E,DKC64-32 A,DEKALB,CONV,500+B360+ENHANCED DISEASE,H35NEC4JX,DKC64-32 A-H35NEC4JX,150,I,6
1100028417954,NEW LEBANON SEED HUB,6734460,20210209,  1100067344679,3024209,HOLSCHER GRAIN FARMS GENERAL PARTNERSHIP,CORN,2021,UN,00190794459938,DKC65-92 AF2 SP50U ELT500 B-E,DKC65-92 A,DEKALB,CONV,500+B360+ENHANCED DISEASE,H22YF79JX,DKC65-92 A-H22YF79JX,200,I,11
1100028417954,NEW LEBANON SEED HUB,6734460,20210209,  1100067344679,3024209,HOLSCHER GRAIN FARMS GENERAL PARTNERSHIP,CORN,2021,UN,00190794459860,DKC63-58 AR SP50U ELT500 B-E,DKC63-58 A,DEKALB,CONV,500+B360+ENHANCED DISEASE,H21HEX9JX,DKC63-58 A-H21HEX9JX,150,I,16
1100028417954,NEW LEBANON SEED HUB,6734460,20210209,  1100067344679,3024209,HOLSCHER GRAIN FARMS GENERAL PARTNERSHIP,CORN,2021,UN,00190794459877,DKC63-58 AR2 SP45 ELT500 B-E,DKC63-58 A,DEKALB,CONV,500+B360+ENHANCED DISEASE,H21H1L9JX,DKC63-58 A-H21H1L9JX,135,I,21
1100028417954,NEW LEBANON SEED HUB,6734460,20210209,  1100067344679,3024209,HOLSCHER GRAIN FARMS GENERAL PARTNERSHIP,CORN,2021,UN,00190794459853,DKC63-58 AF2 SP50U ELT500 B-E,DKC63-58 A,DEKALB,CONV,500+B360+ENHANCED DISEASE,H21HDW9JX,DKC63-58 A-H21HDW9JX,50,I,26
1100028417954,NEW LEBANON SEED HUB,6734460,20210209,  1100067344679,3024209,HOLSCHER GRAIN FARMS GENERAL PARTNERSHIP,CORN,2021,BG,00190794459839,DKC63-58 AR2 80M ELT500 B-E,DKC63-58 A,DEKALB,CONV,500+B360+ENHANCED DISEASE,H21HFH9JX,DKC63-58 A-H21HFH9JX,15,I,31
1100028417954,NEW LEBANON SEED HUB,6734460,20210209,  1100067344679,3024209,HOLSCHER GRAIN FARMS GENERAL PARTNERSHIP,CORN,2021,BG,00190794142571,DKC64-32 AF 80M ELT500 B-E,DKC64-32 A,DEKALB,CONV,500+B360+ENHANCED DISEASE,253W1R3JX,DKC64-32 A-253W1R3JX,45,I,36
1100028417954,NEW LEBANON SEED HUB,6734460,20210209,  1100067344679,3024209,HOLSCHER GRAIN FARMS GENERAL PARTNERSHIP,CORN,2021,BG,00190794142571,DKC64-32 AF 80M ELT500 B-E,DKC64-32 A,DEKALB,CONV,500+B360+ENHANCED DISEASE,472PMN7JT,DKC64-32 A-472PMN7JT,5,I,41
1100028417954,NEW LEBANON SEED HUB,6734383,20210111,  1100039121123,3025445,HYATT JEFF D,SOYBEANS,2021,UN,00190794331982,AG29XF1 XF 40SCUMB UNTR,AG29XF1 XF,ASGROW,RR2Y/DC,NO STANDARD OR SPECIAL TRTMT,WN0SBA3A,AG29XF1 XF-WN0SBA3A,200,S,1
1100028417954,NEW LEBANON SEED HUB,6734442,20210203,  1100039121123,3025445,HYATT JEFF D,CORN,2021,BG,00190794139922,DKC63-57RIB AR2 VT2P 80M ELT500 B-E,DKC63-57RI,DEKALB,VT2P-RIB,500+B360+ENHANCED DISEASE,H21H4M4JX,DKC63-57RI-H21H4M4JX,100,I,1
1100028417954,NEW LEBANON SEED HUB,6734442,20210203,  1100039121123,3025445,HYATT JEFF D,CORN,2021,UN,00888346317057,DKC64-35RIB AF VT2P SP50 ELT250 B-E,DKC64-35RI,DEKALB,VT2P-RIB,ACCELERON250+B300+ENHANCED DIS,253WRC3JX,DKC64-35RI-253WRC3JX,50,I,5
1100028417954,NEW LEBANON SEED HUB,6734442,20210203,  1100039121123,3025445,HYATT JEFF D,CORN,2021,UN,00190794140195,DKC65-95RIB AR VT2P SP50 ELT500 B-E,DKC65-95RI,DEKALB,VT2P-RIB,500+B360+ENHANCED DISEASE,H21HTW3JX,DKC65-95RI-H21HTW3JX,150,I,9
1100028417954,NEW LEBANON SEED HUB,6734492,20210223,  1100039121123,3025445,HYATT JEFF D,SOYBEANS,2021,BG,00884464739832,SB CP3629E UNT140M,SB CP3629E,CROPLAN,ENLIST 3 OR ENLIST E3,UNTREATED,01GR555,SB CP3629E-01GR555,54,S,1
1100028417954,NEW LEBANON SEED HUB,6734548,20210302,  1100039121123,3025445,HYATT JEFF D,CORN,2021,UN,00190794192231,DKC66-18RIB AF2 VT2P SP50 ELT500 B-E,DKC66-18RI,DEKALB,VT2P-RIB,500+B360+ENHANCED DISEASE,H21NEF3JX,DKC66-18RI-H21NEF3JX,50,I,1
1100028417954,NEW LEBANON SEED HUB,6734548,20210302,  1100039121123,3025445,HYATT JEFF D,CORN,2021,UN,00190794192248,DKC66-18RIB AR VT2P SP50 ELT500 B-E,DKC66-18RI,DEKALB,VT2P-RIB,500+B360+ENHANCED DISEASE,H21NFH3JX,DKC66-18RI-H21NFH3JX,100,I,5
1100028417954,NEW LEBANON SEED HUB,6734548,20210302,  1100039121123,3025445,HYATT JEFF D,CORN,2021,BG,00190794191326,DKC59-82RIB AF VT2P 80M ELT500 B-E,DKC59-82RI,DEKALB,VT2P-RIB,500+B360+ENHANCED DISEASE,H52TMR3JT,DKC59-82RI-H52TMR3JT,25,I,9
1100028417954,NEW LEBANON SEED HUB,6734548,20210302,  1100039121123,3025445,HYATT JEFF D,CORN,2021,BG,00190794480055,DKC64-35RIB AF VT2P 80M ELT500 B-E,DKC64-35RI,DEKALB,VT2P-RIB,500+B360+ENHANCED DISEASE,H21HXH9JX,DKC64-35RI-H21HXH9JX,15,I,13
1100028417954,NEW LEBANON SEED HUB,6734548,20210302,  1100039121123,3025445,HYATT JEFF D,CORN,2021,BG,00190794150248,DKC62-53RIB AR2 VT2P 80M ELT500 B-E,DKC62-53RI,DEKALB,VT2P-RIB,500+B360+ENHANCED DISEASE,H52T434JT,DKC62-53RI-H52T434JT,25,I,17
1100028417954,NEW LEBANON SEED HUB,6734548,20210302,  1100039121123,3025445,HYATT JEFF D,CORN,2021,BG,00190794191746,DKC63-91RIB AF2 VT2P 80M ELT500 B-E,DKC63-91RI,DEKALB,VT2P-RIB,500+B360+ENHANCED DISEASE,H21NYK9JX,DKC63-91RI-H21NYK9JX,20,I,21
1100028417954,NEW LEBANON SEED HUB,6734548,20210302,  1100039121123,3025445,HYATT JEFF D,CORN,2021,BG,00190794335409,DKC67-94RIB AF Trecepta 80M ELT500 B-E,DKC67-94RI,DEKALB,TRE-RIB,500+B360+ENHANCED DISEASE,H21NVX3JX,DKC67-94RI-H21NVX3JX,20,I,25
1100028417954,NEW LEBANON SEED HUB,6734550,20210302,  1100039121123,3025445,HYATT JEFF D,SOYBEANS,2021,BG,00190794332286,AG35XF1 XF 140M UNTR,AG35XF1 XF,ASGROW,RR2Y/DC,NO STANDARD OR SPECIAL TRTMT,WN0SAH51,AG35XF1 XF-WN0SAH51,60,S,1
1100028417954,NEW LEBANON SEED HUB,6734550,20210302,  1100039121123,3025445,HYATT JEFF D,SOYBEANS,2021,BG,00190794332552,AG38XF1 XF 140M UNTR,AG38XF1 XF,ASGROW,RR2Y/DC,NO STANDARD OR SPECIAL TRTMT,CE0SAW11,AG38XF1 XF-CE0SAW11,60,S,2
1100028417954,NEW LEBANON SEED HUB,6734550,20210302,  1100039121123,3025445,HYATT JEFF D,CORN,2021,BG,00884464753456,CN CP4997VT2P/RIB FPCPR280M,CN CP4997V,CROPLAN,VT2P-RIB,FORTIVENT PLUS,01FE4058C,CN CP4997V-01FE4058C,25,S,3
1100028417954,NEW LEBANON SEED HUB,6734449,20210204,  1100013083812,3025720,IRWIN FARMS INC,CORN,2021,UN,00190794191357,DKC59-82RIB AF2 VT2P SP50 ELT500 B-E,DKC59-82RI,DEKALB,VT2P-RIB,500+B360+ENHANCED DISEASE,H39Y193JX,DKC59-82RI-H39Y193JX,100,S,1
1100028417954,NEW LEBANON SEED HUB,6734449,20210204,  1100013083812,3025720,IRWIN FARMS INC,CORN,2021,UN,00190794191791,DKC63-91RIB AF2 VT2P SP50 ELT500 B-E,DKC63-91RI,DEKALB,VT2P-RIB,500+B360+ENHANCED DISEASE,H38YTE9JX,DKC63-91RI-H38YTE9JX,100,S,5
1100028417954,NEW LEBANON SEED HUB,6734449,20210204,  1100013083812,3025720,IRWIN FARMS INC,CORN,2021,UN,00190794192231,DKC66-18RIB AF2 VT2P SP50 ELT500 B-E,DKC66-18RI,DEKALB,VT2P-RIB,500+B360+ENHANCED DISEASE,H38YT93JX,DKC66-18RI-H38YT93JX,50,S,9
1100028417954,NEW LEBANON SEED HUB,6734449,20210204,  1100013083812,3025720,IRWIN FARMS INC,CORN,2021,UN,00888346317552,DKC70-27RIB AR2 VT2P SP45 ELT250 B-E,DKC70-27RI,DEKALB,VT2P-RIB,ACCELERON250+B300+ENHANCED DIS,746WAD3JX,DKC70-27RI-746WAD3JX,45,S,13
1100028417954,NEW LEBANON SEED HUB,6734449,20210204,  1100013083812,3025720,IRWIN FARMS INC,CORN,2021,BG,00190794150231,DKC62-53RIB AF2 VT2P 80M ELT500 B-E,DKC62-53RI,DEKALB,VT2P-RIB,500+B360+ENHANCED DISEASE,H38YCJ3JX,DKC62-53RI-H38YCJ3JX,70,S,17
1100028417954,NEW LEBANON SEED HUB,6734449,20210204,  1100013083812,3025720,IRWIN FARMS INC,CORN,2021,BG,00888346317569,DKC70-27RIB AR2 VT2P 80M ELT250 B-E,DKC70-27RI,DEKALB,VT2P-RIB,ACCELERON250+B300+ENHANCED DIS,253HX17JX,DKC70-27RI-253HX17JX,5,S,21
1100028417954,NEW LEBANON SEED HUB,6734564,20210303,  1100013083812,3025720,IRWIN FARMS INC,CORN,2021,UN,00190794191357,DKC59-82RIB AF2 VT2P SP50 ELT500 B-E,DKC59-82RI,DEKALB,VT2P-RIB,500+B360+ENHANCED DISEASE,H39Y193JX,DKC59-82RI-H39Y193JX,100,I,1
1100028417954,NEW LEBANON SEED HUB,6734564,20210303,  1100013083812,3025720,IRWIN FARMS INC,CORN,2021,UN,00190794191791,DKC63-91RIB AF2 VT2P SP50 ELT500 B-E,DKC63-91RI,DEKALB,VT2P-RIB,500+B360+ENHANCED DISEASE,H38YTE9JX,DKC63-91RI-H38YTE9JX,100,I,5
1100028417954,NEW LEBANON SEED HUB,6734564,20210303,  1100013083812,3025720,IRWIN FARMS INC,CORN,2021,UN,00190794192231,DKC66-18RIB AF2 VT2P SP50 ELT500 B-E,DKC66-18RI,DEKALB,VT2P-RIB,500+B360+ENHANCED DISEASE,H38YT93JX,DKC66-18RI-H38YT93JX,50,I,9
1100028417954,NEW LEBANON SEED HUB,6734564,20210303,  1100013083812,3025720,IRWIN FARMS INC,CORN,2021,UN,00888346317552,DKC70-27RIB AR2 VT2P SP45 ELT250 B-E,DKC70-27RI,DEKALB,VT2P-RIB,ACCELERON250+B300+ENHANCED DIS,746WAD3JX,DKC70-27RI-746WAD3JX,45,I,13
1100028417954,NEW LEBANON SEED HUB,6734447,20210204,  1100065580178,3025838,J&J FARMING CO,CORN,2021,BG,00190794150262,DKC62-53RIB AR VT2P 80M ELT500 B-E,DKC62-53RI,DEKALB,VT2P-RIB,500+B360+ENHANCED DISEASE,H21YFX3JX,DKC62-53RI-H21YFX3JX,36,S,1
1100028417954,NEW LEBANON SEED HUB,6734447,20210204,  1100065580178,3025838,J&J FARMING CO,CORN,2021,BG,00190794192187,DKC66-18RIB AF2 VT2P 80M ELT500 B-E,DKC66-18RI,DEKALB,VT2P-RIB,500+B360+ENHANCED DISEASE,H26PAY4JX,DKC66-18RI-H26PAY4JX,24,S,5
1100028417954,NEW LEBANON SEED HUB,6734447,20210204,  1100065580178,3025838,J&J FARMING CO,CORN,2021,BG,00884464768856,CN CP5550VT2P/RIB FPCPF280M,CN CP5550V,CROPLAN,VT2P-RIB,FORTIVENT PLUS,01FV5128,CN CP5550V-01FV5128,22,S,9
1100028417954,NEW LEBANON SEED HUB,6734447,20210204,  1100065580178,3025838,J&J FARMING CO,CORN,2021,BG,00884464768207,CN CP5570VT2P/RIB FPCPR80M,CN CP5570V,CROPLAN,VT2P-RIB,FORTIVENT PLUS,91FE6155,CN CP5570V-91FE6155,10,S,13
1100028417954,NEW LEBANON SEED HUB,6734447,20210204,  1100065580178,3025838,J&J FARMING CO,CORN,2021,BG,00884464753418,CN CP4997VT2P/RIB FPCPR80M,CN CP4997V,CROPLAN,VT2P-RIB,FORTIVENT PLUS,01FE6058C,CN CP4997V-01FE6058C,8,S,17
1100028417954,NEW LEBANON SEED HUB,6734447,20210204,  1100065580178,3025838,J&J FARMING CO,CORN,2021,BG,00884464675321,CN CP4997VT2P/RIB ACCPR80M,CN CP4997V,CROPLAN,VT2P-RIB,ACCELERON,81AA6377,CN CP4997V-81AA6377,8,S,21
1100028417954,NEW LEBANON SEED HUB,6734381,20210111,  1100016763858,3025867,JACKS FARMS INC,SOYBEANS,2021,UN,00190794332514,AG38XF1 XF 40SCUMB UNTR,AG38XF1 XF,ASGROW,RR2Y/DC,NO STANDARD OR SPECIAL TRTMT,CE0SFS2B,AG38XF1 XF-CE0SFS2B,680,S,1
1100028417954,NEW LEBANON SEED HUB,6734381,20210111,  1100016763858,3025867,JACKS FARMS INC,SOYBEANS,2021,UN,00190794332248,AG35XF1 XF 40SCUMB UNTR,AG35XF1 XF,ASGROW,RR2Y/DC,NO STANDARD OR SPECIAL TRTMT,ST0SB42E,AG35XF1 XF-ST0SB42E,680,S,6
1100028417954,NEW LEBANON SEED HUB,6734381,20210111,  1100016763858,3025867,JACKS FARMS INC,SOYBEANS,2021,UN,00190794015172,AG40XF0 XF 40SCUMB UNTR,AG40XF0 XF,ASGROW,RR2Y/DC,NO STANDARD OR SPECIAL TRTMT,CE0SAU1D,AG40XF0 XF-CE0SAU1D,280,S,11
1100028417954,NEW LEBANON SEED HUB,6734544,20210301,  1100024466260,3026035,JACKSON TODD W,CORN,2021,BG,00190794191326,DKC59-82RIB AF VT2P 80M ELT500 B-E,DKC59-82RI,DEKALB,VT2P-RIB,500+B360+ENHANCED DISEASE,H52TMN3JT,DKC59-82RI-H52TMN3JT,60,S,1
1100028417954,NEW LEBANON SEED HUB,6734544,20210301,  1100024466260,3026035,JACKSON TODD W,CORN,2021,BG,00190794191777,DKC63-91RIB AR VT2P 80M ELT500 B-E,DKC63-91RI,DEKALB,VT2P-RIB,500+B360+ENHANCED DISEASE,H52TCA4JT,DKC63-91RI-H52TCA4JT,60,S,5
1100028417954,NEW LEBANON SEED HUB,6734544,20210301,  1100024466260,3026035,JACKSON TODD W,CORN,2021,BG,00190794139922,DKC63-57RIB AR2 VT2P 80M ELT500 B-E,DKC63-57RI,DEKALB,VT2P-RIB,500+B360+ENHANCED DISEASE,H35NJE3JX,DKC63-57RI-H35NJE3JX,60,S,9
1100028417954,NEW LEBANON SEED HUB,6734544,20210301,  1100024466260,3026035,JACKSON TODD W,CORN,2021,BG,00884464768818,CN CP5550VT2P/RIB FPCPF80M,CN CP5550V,CROPLAN,VT2P-RIB,FORTIVENT PLUS,01FE5044,CN CP5550V-01FE5044,60,S,13
1100028417954,NEW LEBANON SEED HUB,6734544,20210301,  1100024466260,3026035,JACKSON TODD W,CORN,2021,BG,00884464754705,CN CP5340VT2P/RIB FPCPF80M,CN CP5340V,CROPLAN,VT2P-RIB,FORTIVENT PLUS,91FA5173C,CN CP5340V-91FA5173C,30,S,17
1100028417954,NEW LEBANON SEED HUB,6734544,20210301,  1100024466260,3026035,JACKSON TODD W,CORN,2021,BG,00884464754446,CN CP5335VT2P/RIB FPCPF80M,CN CP5335V,CROPLAN,VT2P-RIB,FORTIVENT PLUS,01FE5041,CN CP5335V-01FE5041,30,S,21
1100028417954,NEW LEBANON SEED HUB,6734544,20210301,  1100024466260,3026035,JACKSON TODD W,CORN,2021,BG,00884464754767,CN CP5340VT2P/RIB FPCPR280M,CN CP5340V,CROPLAN,VT2P-RIB,FORTIVENT PLUS,01FM4076,CN CP5340V-01FM4076,19,S,25
1100028417954,NEW LEBANON SEED HUB,6734544,20210301,  1100024466260,3026035,JACKSON TODD W,CORN,2021,BG,00190794140133,DKC65-95RIB AF2 VT2P 80M ELT500 B-E,DKC65-95RI,DEKALB,VT2P-RIB,500+B360+ENHANCED DISEASE,H52TRE4JT,DKC65-95RI-H52TRE4JT,13,S,29
1100028417954,NEW LEBANON SEED HUB,6734544,20210301,  1100024466260,3026035,JACKSON TODD W,CORN,2021,BG,00190794335324,DKC64-65RIB AF VT2P 80M ELT500 B-E,DKC64-65RI,DEKALB,VT2P-RIB,500+B360+ENHANCED DISEASE,H21N9P4JX,DKC64-65RI-H21N9P4JX,48,S,33
1100028417954,NEW LEBANON SEED HUB,6734522,20210226,  1100013095655,3026250,JAN RICH FARMS,CORN,2021,UN,00190794140195,DKC65-95RIB AR VT2P SP50 ELT500 B-E,DKC65-95RI,DEKALB,VT2P-RIB,500+B360+ENHANCED DISEASE,H18YKA4JX,DKC65-95RI-H18YKA4JX,50,S,1
1100028417954,NEW LEBANON SEED HUB,6734522,20210226,  1100013095655,3026250,JAN RICH FARMS,CORN,2021,UN,00190794140195,DKC65-95RIB AR VT2P SP50 ELT500 B-E,DKC65-95RI,DEKALB,VT2P-RIB,500+B360+ENHANCED DISEASE,H22YPX9JX,DKC65-95RI-H22YPX9JX,50,S,5
1100028417954,NEW LEBANON SEED HUB,6734522,20210226,  1100013095655,3026250,JAN RICH FARMS,CORN,2021,UN,00190794479202,DKC67-44RIB AF2 VT2P 50USP ELT500 B-E,DKC67-44RI,DEKALB,VT2P-RIB,500+B360+ENHANCED DISEASE,H28YDF3JX,DKC67-44RI-H28YDF3JX,100,S,9
1100028417954,NEW LEBANON SEED HUB,6734522,20210226,  1100013095655,3026250,JAN RICH FARMS,CORN,2021,UN,00190794140621,DKC64-25RIB AF2 DGVT2P SP50 ELT500 B-E,DKC64-25RI,DEKALB,VT2P/DG-RIB,500+B360+ENHANCED DISEASE,762W1F3JX,DKC64-25RI-762W1F3JX,50,S,13
1100028417954,NEW LEBANON SEED HUB,6734522,20210226,  1100013095655,3026250,JAN RICH FARMS,CORN,2021,UN,00888346317057,DKC64-35RIB AF VT2P SP50 ELT250 B-E,DKC64-35RI,DEKALB,VT2P-RIB,ACCELERON250+B300+ENHANCED DIS,253WRC3JX,DKC64-35RI-253WRC3JX,50,S,17
1100028417954,NEW LEBANON SEED HUB,6734522,20210226,  1100013095655,3026250,JAN RICH FARMS,CORN,2021,BG,00884464754736,CN CP5340VT2P/RIB FPCPRCB50,CN CP5340V,CROPLAN,VT2P-RIB,FORTIVENT PLUS,01FM6078B,CN CP5340V-01FM6078B,50,S,21
1100028417954,NEW LEBANON SEED HUB,6734522,20210226,  1100013095655,3026250,JAN RICH FARMS,CORN,2021,BG,00888346317545,DKC70-27RIB AR VT2P 80M ELT250 B-E,DKC70-27RI,DEKALB,VT2P-RIB,ACCELERON250+B300+ENHANCED DIS,253PLX3JT,DKC70-27RI-253PLX3JT,27,S,25
1100028417954,NEW LEBANON SEED HUB,6734522,20210226,  1100013095655,3026250,JAN RICH FARMS,CORN,2021,BG,00888346314339,DKC67-44RIB AR VT2P 80M BAS250 B,DKC67-44RI,DEKALB,VT2P-RIB,ACCELERON 250+B300,H52T4D9JX,DKC67-44RI-H52T4D9JX,13,S,29
1100028417954,NEW LEBANON SEED HUB,6734522,20210226,  1100013095655,3026250,JAN RICH FARMS,CORN,2021,BG,00190794140164,DKC65-95RIB AR VT2P 80M ELT500 B-E,DKC65-95RI,DEKALB,VT2P-RIB,500+B360+ENHANCED DISEASE,H18HWR7JT,DKC65-95RI-H18HWR7JT,4,S,33
1100028417954,NEW LEBANON SEED HUB,6734522,20210226,  1100013095655,3026250,JAN RICH FARMS,CORN,2021,BG,00884464754767,CN CP5340VT2P/RIB FPCPR280M,CN CP5340V,CROPLAN,VT2P-RIB,FORTIVENT PLUS,01FM4076,CN CP5340V-01FM4076,7,S,37
1100028417954,NEW LEBANON SEED HUB,6734524,20210226,  1100018758692,3028535,KIRSCHNER CHARLES D,CORN,2021,BG,00884464754453,CN CP5335VT2P/RIB FPCPFCB50,CN CP5335V,CROPLAN,VT2P-RIB,FORTIVENT PLUS,01FE5042B,CN CP5335V-01FE5042B,100,S,1
1100028417954,NEW LEBANON SEED HUB,6734524,20210226,  1100018758692,3028535,KIRSCHNER CHARLES D,CORN,2021,BG,00884464768825,CN CP5550VT2P/RIB FPCPFCB50,CN CP5550V,CROPLAN,VT2P-RIB,FORTIVENT PLUS,01FE5044B,CN CP5550V-01FE5044B,50,S,5
1100028417954,NEW LEBANON SEED HUB,6734524,20210226,  1100018758692,3028535,KIRSCHNER CHARLES D,CORN,2021,UN,00190794140126,DKC65-95RIB AF VT2P SP50 ELT500 B-E,DKC65-95RI,DEKALB,VT2P-RIB,500+B360+ENHANCED DISEASE,H21HPR3JX,DKC65-95RI-H21HPR3JX,100,S,9
1100028417954,NEW LEBANON SEED HUB,6734524,20210226,  1100018758692,3028535,KIRSCHNER CHARLES D,CORN,2021,UN,00190794335331,DKC64-65RIB AF VT2P SP50U ELT500 B-E,DKC64-65RI,DEKALB,VT2P-RIB,500+B360+ENHANCED DISEASE,H21NAA4JX,DKC64-65RI-H21NAA4JX,50,S,13
1100028417954,NEW LEBANON SEED HUB,6734524,20210226,  1100018758692,3028535,KIRSCHNER CHARLES D,CORN,2021,UN,00190794139977,DKC63-57RIB AR VT2P SP50 ELT500 B-E,DKC63-57RI,DEKALB,VT2P-RIB,500+B360+ENHANCED DISEASE,H35N9R9JX,DKC63-57RI-H35N9R9JX,100,S,17
1100028417954,NEW LEBANON SEED HUB,6734524,20210226,  1100018758692,3028535,KIRSCHNER CHARLES D,CORN,2021,UN,00190794150224,DKC62-53RIB AF VT2P SP50 ELT500 B-E,DKC62-53RI,DEKALB,VT2P-RIB,500+B360+ENHANCED DISEASE,H38Y1Y9JX,DKC62-53RI-H38Y1Y9JX,50,S,21
1100028417954,NEW LEBANON SEED HUB,6734524,20210226,  1100018758692,3028535,KIRSCHNER CHARLES D,CORN,2021,UN,00190794150293,DKC62-53RIB AR VT2P SP50 ELT500 B-E,DKC62-53RI,DEKALB,VT2P-RIB,500+B360+ENHANCED DISEASE,H21YKL3JX,DKC62-53RI-H21YKL3JX,150,S,25
1100028417954,NEW LEBANON SEED HUB,6734523,20210226,  1100064615154,3028880,KNOTTS KYLER R,CORN,2021,UN,00190794192224,DKC66-18RIB AR2 VT2P SP45 ELT500 B-E,DKC66-18RI,DEKALB,VT2P-RIB,500+B360+ENHANCED DISEASE,H38Y4Y4JX,DKC66-18RI-H38Y4Y4JX,45,S,1
1100028417954,NEW LEBANON SEED HUB,6734523,20210226,  1100064615154,3028880,KNOTTS KYLER R,CORN,2021,UN,00190794139953,DKC63-57RIB AR2 VT2P SP45 ELT500 B-E,DKC63-57RI,DEKALB,VT2P-RIB,500+B360+ENHANCED DISEASE,H21H774JX,DKC63-57RI-H21H774JX,90,S,5
1100028417954,NEW LEBANON SEED HUB,6734523,20210226,  1100064615154,3028880,KNOTTS KYLER R,CORN,2021,BG,00888346317101,DKC64-35RIB AR VT2P 80M ELT250 B-E,DKC64-35RI,DEKALB,VT2P-RIB,ACCELERON250+B300+ENHANCED DIS,H35TAL4JT,DKC64-35RI-H35TAL4JT,11,S,9
1100028417954,NEW LEBANON SEED HUB,6734452,20210204,  1100013261807,3031495,LONG FARM ACCOUNT,CORN,2021,UN,00190794192170,DKC66-18RIB AF VT2P SP50 ELT500 B-E,DKC66-18RI,DEKALB,VT2P-RIB,500+B360+ENHANCED DISEASE,H22YCC9JX,DKC66-18RI-H22YCC9JX,50,S,1
1100028417954,NEW LEBANON SEED HUB,6734452,20210204,  1100013261807,3031495,LONG FARM ACCOUNT,CORN,2021,UN,00190794140126,DKC65-95RIB AF VT2P SP50 ELT500 B-E,DKC65-95RI,DEKALB,VT2P-RIB,500+B360+ENHANCED DISEASE,H21YTR9JX,DKC65-95RI-H21YTR9JX,50,S,5
1100028417954,NEW LEBANON SEED HUB,6734452,20210204,  1100013261807,3031495,LONG FARM ACCOUNT,CORN,2021,UN,00888346317057,DKC64-35RIB AF VT2P SP50 ELT250 B-E,DKC64-35RI,DEKALB,VT2P-RIB,ACCELERON250+B300+ENHANCED DIS,253WRC3JX,DKC64-35RI-253WRC3JX,100,S,9
1100028417954,NEW LEBANON SEED HUB,6734452,20210204,  1100013261807,3031495,LONG FARM ACCOUNT,CORN,2021,UN,00190794150286,DKC62-53RIB AF2 VT2P SP50 ELT500 B-E,DKC62-53RI,DEKALB,VT2P-RIB,500+B360+ENHANCED DISEASE,H38YNR4JX,DKC62-53RI-H38YNR4JX,50,S,13
1100028417954,NEW LEBANON SEED HUB,6734452,20210204,  1100013261807,3031495,LONG FARM ACCOUNT,CORN,2021,BG,00884464768825,CN CP5550VT2P/RIB FPCPFCB50,CN CP5550V,CROPLAN,VT2P-RIB,FORTIVENT PLUS,01FE5044B,CN CP5550V-01FE5044B,50,S,17
1100028417954,NEW LEBANON SEED HUB,6734452,20210204,  1100013261807,3031495,LONG FARM ACCOUNT,CORN,2021,BG,00190794191326,DKC59-82RIB AF VT2P 80M ELT500 B-E,DKC59-82RI,DEKALB,VT2P-RIB,500+B360+ENHANCED DISEASE,H35TEX7JT,DKC59-82RI-H35TEX7JT,50,S,21
1100028417954,NEW LEBANON SEED HUB,6734452,20210204,  1100013261807,3031495,LONG FARM ACCOUNT,CORN,2021,BG,00884464755740,CN CP5678VT2P/RIB FPCPF80M,CN CP5678V,CROPLAN,VT2P-RIB,FORTIVENT PLUS,01FM5042,CN CP5678V-01FM5042,24,S,25
1100028417954,NEW LEBANON SEED HUB,6734452,20210204,  1100013261807,3031495,LONG FARM ACCOUNT,CORN,2021,UN,00190794139977,DKC63-57RIB AR VT2P SP50 ELT500 B-E,DKC63-57RI,DEKALB,VT2P-RIB,500+B360+ENHANCED DISEASE,H28Y9R4JX,DKC63-57RI-H28Y9R4JX,50,S,29
1100028417954,NEW LEBANON SEED HUB,6734452,20210204,  1100013261807,3031495,LONG FARM ACCOUNT,CORN,2021,UN,00190794139977,DKC63-57RIB AR VT2P SP50 ELT500 B-E,DKC63-57RI,DEKALB,VT2P-RIB,500+B360+ENHANCED DISEASE,H28Y9R4JX,DKC63-57RI-H28Y9R4JX,-50,S,33
1100028417954,NEW LEBANON SEED HUB,6734554,20210302,  1100016713112,3034055,MCCORMICK FARM INC,CORN,2021,BG,00190794142557,DKC64-32 AF2 80M ELT500 B-E,DKC64-32 A,DEKALB,CONV,500+B360+ENHANCED DISEASE,472PDT3JT,DKC64-32 A-472PDT3JT,38,S,1
1100028417954,NEW LEBANON SEED HUB,6734554,20210302,  1100016713112,3034055,MCCORMICK FARM INC,CORN,2021,UN,00190794142595,DKC64-32 AR2 SP45 ELT500 B-E,DKC64-32 A,DEKALB,CONV,500+B360+ENHANCED DISEASE,H60PWA9JT,DKC64-32 A-H60PWA9JT,45,S,4
1100028417954,NEW LEBANON SEED HUB,6734554,20210302,  1100016713112,3034055,MCCORMICK FARM INC,CORN,2021,UN,00190794142595,DKC64-32 AR2 SP45 ELT500 B-E,DKC64-32 A,DEKALB,CONV,500+B360+ENHANCED DISEASE,H35NNK9JX,DKC64-32 A-H35NNK9JX,45,S,7
1100028417954,NEW LEBANON SEED HUB,6734554,20210302,  1100016713112,3034055,MCCORMICK FARM INC,CORN,2021,UN,00190794142595,DKC64-32 AR2 SP45 ELT500 B-E,DKC64-32 A,DEKALB,CONV,500+B360+ENHANCED DISEASE,H60PFR3JT,DKC64-32 A-H60PFR3JT,90,S,10
1100028417954,NEW LEBANON SEED HUB,6734555,20210302,  1100016713112,3034055,MCCORMICK FARM INC,CORN,2021,BG,00190794142557,DKC64-32 AF2 80M ELT500 B-E,DKC64-32 A,DEKALB,CONV,500+B360+ENHANCED DISEASE,472PDT3JT,DKC64-32 A-472PDT3JT,1,I,1
1100028417954,NEW LEBANON SEED HUB,6734422,20210125,  1100028652591,3038746,NEWTON JAMIE D,CORN,2021,UN,00190794192248,DKC66-18RIB AR VT2P SP50 ELT500 B-E,DKC66-18RI,DEKALB,VT2P-RIB,500+B360+ENHANCED DISEASE,253WTP3JX,DKC66-18RI-253WTP3JX,50,D,1
1100028417954,NEW LEBANON SEED HUB,6734513,20210224,  1100028652591,3038746,NEWTON JAMIE D,CORN,2021,BG,00190794191982,DKC65-99RIB AF Trecepta 80M ELT500 B-E,DKC65-99RI,DEKALB,TRE-RIB,500+B360+ENHANCED DISEASE,H52T7V3JT,DKC65-99RI-H52T7V3JT,38,S,1
1100028417954,NEW LEBANON SEED HUB,6734421,20210125,  1100021344103,3038760,"NEWTON FARMS,INC.",CORN,2021,UN,00190794192231,DKC66-18RIB AF2 VT2P SP50 ELT500 B-E,DKC66-18RI,DEKALB,VT2P-RIB,500+B360+ENHANCED DISEASE,H38YT93JX,DKC66-18RI-H38YT93JX,150,D,1
1100028417954,NEW LEBANON SEED HUB,6734421,20210125,  1100021344103,3038760,"NEWTON FARMS,INC.",CORN,2021,UN,00190794192019,DKC65-99RIB AF2 Trecepta SP50 ELT500 B-E,DKC65-99RI,DEKALB,TRE-RIB,500+B360+ENHANCED DISEASE,H22YYD3JX,DKC65-99RI-H22YYD3JX,50,D,6
1100028417954,NEW LEBANON SEED HUB,6734514,20210224,  1100021344103,3038760,"NEWTON FARMS,INC.",CORN,2021,BG,00190794191982,DKC65-99RIB AF Trecepta 80M ELT500 B-E,DKC65-99RI,DEKALB,TRE-RIB,500+B360+ENHANCED DISEASE,H52T7V3JT,DKC65-99RI-H52T7V3JT,32,S,1
1100028417954,NEW LEBANON SEED HUB,6734514,20210224,  1100021344103,3038760,"NEWTON FARMS,INC.",CORN,2021,BG,00190794140157,DKC65-95RIB AF VT2P 80M ELT500 B-E,DKC65-95RI,DEKALB,VT2P-RIB,500+B360+ENHANCED DISEASE,H52TPW4JT,DKC65-95RI-H52TPW4JT,32,S,6
1100028417954,NEW LEBANON SEED HUB,6734514,20210224,  1100021344103,3038760,"NEWTON FARMS,INC.",CORN,2021,BG,00190794192200,DKC66-18RIB AF VT2P 80M ELT500 B-E,DKC66-18RI,DEKALB,VT2P-RIB,500+B360+ENHANCED DISEASE,H26P7L4JX,DKC66-18RI-H26P7L4JX,16,S,11
1100028417954,NEW LEBANON SEED HUB,6734514,20210224,  1100021344103,3038760,"NEWTON FARMS,INC.",CORN,2021,UN,00190794139977,DKC63-57RIB AR VT2P SP50 ELT500 B-E,DKC63-57RI,DEKALB,VT2P-RIB,500+B360+ENHANCED DISEASE,H28Y9R4JX,DKC63-57RI-H28Y9R4JX,200,S,16
1100028417954,NEW LEBANON SEED HUB,6734514,20210224,  1100021344103,3038760,"NEWTON FARMS,INC.",CORN,2021,UN,00190794139977,DKC63-57RIB AR VT2P SP50 ELT500 B-E,DKC63-57RI,DEKALB,VT2P-RIB,500+B360+ENHANCED DISEASE,H28Y9R4JX,DKC63-57RI-H28Y9R4JX,-200,S,21
1100028417954,NEW LEBANON SEED HUB,6734413,20210121,  1100016888964,3038870,"NICOSON FARMS,INC.",CORN,2021,BG,00190794140157,DKC65-95RIB AF VT2P 80M ELT500 B-E,DKC65-95RI,DEKALB,VT2P-RIB,500+B360+ENHANCED DISEASE,H52TPW4JT,DKC65-95RI-H52TPW4JT,44,S,1
1100028417954,NEW LEBANON SEED HUB,6734413,20210121,  1100016888964,3038870,"NICOSON FARMS,INC.",CORN,2021,BG,00888346317064,DKC64-35RIB AF VT2P 80M ELT250 B-E,DKC64-35RI,DEKALB,VT2P-RIB,ACCELERON250+B300+ENHANCED DIS,H35TEL7JT,DKC64-35RI-H35TEL7JT,44,S,5
1100028417954,NEW LEBANON SEED HUB,6734413,20210121,  1100016888964,3038870,"NICOSON FARMS,INC.",CORN,2021,BG,00190794192200,DKC66-18RIB AF VT2P 80M ELT500 B-E,DKC66-18RI,DEKALB,VT2P-RIB,500+B360+ENHANCED DISEASE,757WTY4JX,DKC66-18RI-757WTY4JX,44,S,9
1100028417954,NEW LEBANON SEED HUB,6734413,20210121,  1100016888964,3038870,"NICOSON FARMS,INC.",CORN,2021,BG,00884464768856,CN CP5550VT2P/RIB FPCPF280M,CN CP5550V,CROPLAN,VT2P-RIB,FORTIVENT PLUS,01FE3044,CN CP5550V-01FE3044,24,S,13
1100028417954,NEW LEBANON SEED HUB,6734471,20210215,  1100045997491,3041140,PETERSON MARK A,CORN,2021,BG,00190794192200,DKC66-18RIB AF VT2P 80M ELT500 B-E,DKC66-18RI,DEKALB,VT2P-RIB,500+B360+ENHANCED DISEASE,757WTY4JX,DKC66-18RI-757WTY4JX,134,S,1
1100028417954,NEW LEBANON SEED HUB,6734471,20210215,  1100045997491,3041140,PETERSON MARK A,CORN,2021,BG,00190794192200,DKC66-18RIB AF VT2P 80M ELT500 B-E,DKC66-18RI,DEKALB,VT2P-RIB,500+B360+ENHANCED DISEASE,H26P7L4JX,DKC66-18RI-H26P7L4JX,16,S,5
1100028417954,NEW LEBANON SEED HUB,6734471,20210215,  1100045997491,3041140,PETERSON MARK A,CORN,2021,UN,00190794139977,DKC63-57RIB AR VT2P SP50 ELT500 B-E,DKC63-57RI,DEKALB,VT2P-RIB,500+B360+ENHANCED DISEASE,H35N9R9JX,DKC63-57RI-H35N9R9JX,150,S,9
1100028417954,NEW LEBANON SEED HUB,6734471,20210215,  1100045997491,3041140,PETERSON MARK A,CORN,2021,UN,00190794140195,DKC65-95RIB AR VT2P SP50 ELT500 B-E,DKC65-95RI,DEKALB,VT2P-RIB,500+B360+ENHANCED DISEASE,H22YPX9JX,DKC65-95RI-H22YPX9JX,100,S,13
1100028417954,NEW LEBANON SEED HUB,6734471,20210215,  1100045997491,3041140,PETERSON MARK A,CORN,2021,UN,00190794150279,DKC62-53RIB AR2 VT2P SP45 ELT500 B-E,DKC62-53RI,DEKALB,VT2P-RIB,500+B360+ENHANCED DISEASE,H21YWM9JX,DKC62-53RI-H21YWM9JX,45,S,17
1100028417954,NEW LEBANON SEED HUB,6734471,20210215,  1100045997491,3041140,PETERSON MARK A,CORN,2021,BG,00190794150248,DKC62-53RIB AR2 VT2P 80M ELT500 B-E,DKC62-53RI,DEKALB,VT2P-RIB,500+B360+ENHANCED DISEASE,H52T434JT,DKC62-53RI-H52T434JT,3,S,21
1100028417954,NEW LEBANON SEED HUB,6734471,20210215,  1100045997491,3041140,PETERSON MARK A,CORN,2021,BG,00190794150248,DKC62-53RIB AR2 VT2P 80M ELT500 B-E,DKC62-53RI,DEKALB,VT2P-RIB,500+B360+ENHANCED DISEASE,H21YPV4JX,DKC62-53RI-H21YPV4JX,2,S,25
1100028417954,NEW LEBANON SEED HUB,6734471,20210215,  1100045997491,3041140,PETERSON MARK A,CORN,2021,UN,00190794191364,DKC59-82RIB AR VT2P SP50 ELT500 B-E,DKC59-82RI,DEKALB,VT2P-RIB,500+B360+ENHANCED DISEASE,H39Y1M4JX,DKC59-82RI-H39Y1M4JX,50,S,29
1100028417954,NEW LEBANON SEED HUB,6734537,20210226,  1100067830769,3043221,READY ACRES INC,CORN,2021,BG,00190794191760,DKC63-91RIB AF VT2P 80M ELT500 B-E,DKC63-91RI,DEKALB,VT2P-RIB,500+B360+ENHANCED DISEASE,H35N994JX,DKC63-91RI-H35N994JX,24,S,1
1100028417954,NEW LEBANON SEED HUB,6734537,20210226,  1100067830769,3043221,READY ACRES INC,CORN,2021,BG,00190794191333,DKC59-82RIB AR VT2P 80M ELT500 B-E,DKC59-82RI,DEKALB,VT2P-RIB,500+B360+ENHANCED DISEASE,H52TN43JT,DKC59-82RI-H52TN43JT,20,S,5
1100028417954,NEW LEBANON SEED HUB,6734429,20210201,  1100017138242,3044420,RILEY FARMS INC.,CORN,2021,UN,00190794335430,DKC67-94RIB AF2 Trecepta SP50U ELT500 B-E,DKC67-94RI,DEKALB,TRE-RIB,500+B360+ENHANCED DISEASE,H26YWX9JX,DKC67-94RI-H26YWX9JX,50,S,1
1100028417954,NEW LEBANON SEED HUB,6734429,20210201,  1100017138242,3044420,RILEY FARMS INC.,CORN,2021,UN,00190794334631,DKC67-37RIB AF2 SS RIB SP50U ELT500 B-E,DKC67-37RI,DEKALB,SSPRIB,ACCELERON500+B300+ENHANCED DIS,H39YDP7JX,DKC67-37RI-H39YDP7JX,50,S,6
1100028417954,NEW LEBANON SEED HUB,6734429,20210201,  1100017138242,3044420,RILEY FARMS INC.,CORN,2021,UN,00190794192231,DKC66-18RIB AF2 VT2P SP50 ELT500 B-E,DKC66-18RI,DEKALB,VT2P-RIB,500+B360+ENHANCED DISEASE,H38YT93JX,DKC66-18RI-H38YT93JX,150,S,11
1100028417954,NEW LEBANON SEED HUB,6734429,20210201,  1100017138242,3044420,RILEY FARMS INC.,CORN,2021,BG,00190794192200,DKC66-18RIB AF VT2P 80M ELT500 B-E,DKC66-18RI,DEKALB,VT2P-RIB,500+B360+ENHANCED DISEASE,757WTY4JX,DKC66-18RI-757WTY4JX,17,S,16
1100028417954,NEW LEBANON SEED HUB,6734429,20210201,  1100017138242,3044420,RILEY FARMS INC.,CORN,2021,BG,00190794139922,DKC63-57RIB AR2 VT2P 80M ELT500 B-E,DKC63-57RI,DEKALB,VT2P-RIB,500+B360+ENHANCED DISEASE,H21H4M4JX,DKC63-57RI-H21H4M4JX,15,S,21
1100028417954,NEW LEBANON SEED HUB,6734429,20210201,  1100017138242,3044420,RILEY FARMS INC.,CORN,2021,UN,00190794334631,DKC67-37RIB AF2 SS RIB SP50U ELT500 B-E,DKC67-37RI,DEKALB,SSPRIB,ACCELERON500+B300+ENHANCED DIS,H39YDP7JX,DKC67-37RI-H39YDP7JX,-50,S,28
1100028417954,NEW LEBANON SEED HUB,6734486,20210222,  1100017138242,3044420,RILEY FARMS INC.,CORN,2021,UN,00190794139977,DKC63-57RIB AR VT2P SP50 ELT500 B-E,DKC63-57RI,DEKALB,VT2P-RIB,500+B360+ENHANCED DISEASE,H35NEV3JX,DKC63-57RI-H35NEV3JX,50,S,1
1100028417954,NEW LEBANON SEED HUB,6734486,20210222,  1100017138242,3044420,RILEY FARMS INC.,CORN,2021,UN,00190794139977,DKC63-57RIB AR VT2P SP50 ELT500 B-E,DKC63-57RI,DEKALB,VT2P-RIB,500+B360+ENHANCED DISEASE,H21Y149JX,DKC63-57RI-H21Y149JX,50,S,6
1100028417954,NEW LEBANON SEED HUB,6734453,20210204,  1100067917217,3048870,SMALL GRAIN FARMS,CORN,2021,UN,00190794150279,DKC62-53RIB AR2 VT2P SP45 ELT500 B-E,DKC62-53RI,DEKALB,VT2P-RIB,500+B360+ENHANCED DISEASE,H21YWM9JX,DKC62-53RI-H21YWM9JX,135,I,1
1100028417954,NEW LEBANON SEED HUB,6734453,20210204,  1100067917217,3048870,SMALL GRAIN FARMS,CORN,2021,UN,00190794140126,DKC65-95RIB AF VT2P SP50 ELT500 B-E,DKC65-95RI,DEKALB,VT2P-RIB,500+B360+ENHANCED DISEASE,H21YTR9JX,DKC65-95RI-H21YTR9JX,150,I,5
1100028417954,NEW LEBANON SEED HUB,6734453,20210204,  1100067917217,3048870,SMALL GRAIN FARMS,CORN,2021,UN,00190794192231,DKC66-18RIB AF2 VT2P SP50 ELT500 B-E,DKC66-18RI,DEKALB,VT2P-RIB,500+B360+ENHANCED DISEASE,H38YT93JX,DKC66-18RI-H38YT93JX,150,I,9
1100028417954,NEW LEBANON SEED HUB,6734453,20210204,  1100067917217,3048870,SMALL GRAIN FARMS,CORN,2021,UN,00190794335416,DKC67-94RIB AF Trecepta SP50U ELT500 B-E,DKC67-94RI,DEKALB,TRE-RIB,500+B360+ENHANCED DISEASE,H26YLD3JX,DKC67-94RI-H26YLD3JX,50,I,13
1100028417954,NEW LEBANON SEED HUB,6734453,20210204,  1100067917217,3048870,SMALL GRAIN FARMS,CORN,2021,UN,00190794139908,DKC63-57RIB AF VT2P SP50 ELT500 B-E,DKC63-57RI,DEKALB,VT2P-RIB,500+B360+ENHANCED DISEASE,H28YLN9JX,DKC63-57RI-H28YLN9JX,200,I,17
1100028417954,NEW LEBANON SEED HUB,6734453,20210204,  1100067917217,3048870,SMALL GRAIN FARMS,CORN,2021,UN,00190794191357,DKC59-82RIB AF2 VT2P SP50 ELT500 B-E,DKC59-82RI,DEKALB,VT2P-RIB,500+B360+ENHANCED DISEASE,H39Y193JX,DKC59-82RI-H39Y193JX,50,I,21
1100028417954,NEW LEBANON SEED HUB,6734453,20210204,  1100067917217,3048870,SMALL GRAIN FARMS,CORN,2021,BG,00190794150248,DKC62-53RIB AR2 VT2P 80M ELT500 B-E,DKC62-53RI,DEKALB,VT2P-RIB,500+B360+ENHANCED DISEASE,H21YPV4JX,DKC62-53RI-H21YPV4JX,15,I,25
1100028417954,NEW LEBANON SEED HUB,6734595,20210308,  1100067917217,3048870,SMALL GRAIN FARMS,CORN,2021,BG,00883580787680,DKC64-99RIB AR2 VT2P 80M BAS250,DKC64-99RI,DEKALB,VT2P-RIB,ACCELERON 250,253PPA4JT,DKC64-99RI-253PPA4JT,50,I,1
1100028417954,NEW LEBANON SEED HUB,6734595,20210308,  1100067917217,3048870,SMALL GRAIN FARMS,CORN,2021,UN,00190794481540,DKC70-27RIB AR VT2P 50USP ELT500 B-E,DKC70-27RI,DEKALB,VT2P-RIB,500+B360+ENHANCED DISEASE,H28YWK9JX,DKC70-27RI-H28YWK9JX,100,I,5
1100028417954,NEW LEBANON SEED HUB,6734557,20210302,  1100024465799,3054040,TISLOW JAY T,CORN,2021,BG,00884464754767,CN CP5340VT2P/RIB FPCPR280M,CN CP5340V,CROPLAN,VT2P-RIB,FORTIVENT PLUS,01FM4076,CN CP5340V-01FM4076,18,S,1
1100028417954,NEW LEBANON SEED HUB,6734557,20210302,  1100024465799,3054040,TISLOW JAY T,CORN,2021,BG,00190794150255,DKC62-53RIB AF VT2P 80M ELT500 B-E,DKC62-53RI,DEKALB,VT2P-RIB,500+B360+ENHANCED DISEASE,H21YJF4JX,DKC62-53RI-H21YJF4JX,16,S,5
1100028417954,NEW LEBANON SEED HUB,6734557,20210302,  1100024465799,3054040,TISLOW JAY T,CORN,2021,BG,00884464697972,CN CP5335VT2P/RIB ACCPR80M,CN CP5335V,CROPLAN,VT2P-RIB,ACCELERON,71AA6582,CN CP5335V-71AA6582,6,S,9
1100028417954,NEW LEBANON SEED HUB,6734558,20210302,  1100024465799,3054040,TISLOW JAY T,CORN,2021,BG,00884464754446,CN CP5335VT2P/RIB FPCPF80M,CN CP5335V,CROPLAN,VT2P-RIB,FORTIVENT PLUS,01FE5041,CN CP5335V-01FE5041,6,S,1
1100028417954,NEW LEBANON SEED HUB,6734563,20210303,  1100012863996,3054406,TRIPLE F GRAIN FARMS,CORN,2021,BG,00190794139922,DKC63-57RIB AR2 VT2P 80M ELT500 B-E,DKC63-57RI,DEKALB,VT2P-RIB,500+B360+ENHANCED DISEASE,H35NJE3JX,DKC63-57RI-H35NJE3JX,16,S,1
1100028417954,NEW LEBANON SEED HUB,6734563,20210303,  1100012863996,3054406,TRIPLE F GRAIN FARMS,CORN,2021,BG,00190794191326,DKC59-82RIB AF VT2P 80M ELT500 B-E,DKC59-82RI,DEKALB,VT2P-RIB,500+B360+ENHANCED DISEASE,H26YEC9JX,DKC59-82RI-H26YEC9JX,32,S,4
1100028417954,NEW LEBANON SEED HUB,6734563,20210303,  1100012863996,3054406,TRIPLE F GRAIN FARMS,CORN,2021,BG,00888346317064,DKC64-35RIB AF VT2P 80M ELT250 B-E,DKC64-35RI,DEKALB,VT2P-RIB,ACCELERON250+B300+ENHANCED DIS,H52TEH4JT,DKC64-35RI-H52TEH4JT,32,S,7
1100028417954,NEW LEBANON SEED HUB,6734443,20210203,  1100013865548,3058516,WILLIAMS/WILLIAMS-FERTILIZER,CORN,2021,BG,00190794140164,DKC65-95RIB AR VT2P 80M ELT500 B-E,DKC65-95RI,DEKALB,VT2P-RIB,500+B360+ENHANCED DISEASE,H35TLR3JT,DKC65-95RI-H35TLR3JT,58,S,1
1100028417954,NEW LEBANON SEED HUB,6734443,20210203,  1100013865548,3058516,WILLIAMS/WILLIAMS-FERTILIZER,CORN,2021,BG,00190794192217,DKC66-18RIB AR VT2P 80M ELT500 B-E,DKC66-18RI,DEKALB,VT2P-RIB,500+B360+ENHANCED DISEASE,H26P9M9JX,DKC66-18RI-H26P9M9JX,73,S,5
1100028417954,NEW LEBANON SEED HUB,6734443,20210203,  1100013865548,3058516,WILLIAMS/WILLIAMS-FERTILIZER,CORN,2021,BG,00190794192217,DKC66-18RIB AR VT2P 80M ELT500 B-E,DKC66-18RI,DEKALB,VT2P-RIB,500+B360+ENHANCED DISEASE,H38YMX7JX,DKC66-18RI-H38YMX7JX,6,S,9
1100028417954,NEW LEBANON SEED HUB,6734443,20210203,  1100013865548,3058516,WILLIAMS/WILLIAMS-FERTILIZER,CORN,2021,BG,00884464754446,CN CP5335VT2P/RIB FPCPF80M,CN CP5335V,CROPLAN,VT2P-RIB,FORTIVENT PLUS,01FE5041,CN CP5335V-01FE5041,72,S,13
1100028417954,NEW LEBANON SEED HUB,6734443,20210203,  1100013865548,3058516,WILLIAMS/WILLIAMS-FERTILIZER,CORN,2021,BG,00884464754729,CN CP5340VT2P/RIB FPCPR80M,CN CP5340V,CROPLAN,VT2P-RIB,FORTIVENT PLUS,91FA6177C,CN CP5340V-91FA6177C,60,S,17
1100028417954,NEW LEBANON SEED HUB,6734443,20210203,  1100013865548,3058516,WILLIAMS/WILLIAMS-FERTILIZER,CORN,2021,BG,00884464768207,CN CP5570VT2P/RIB FPCPR80M,CN CP5570V,CROPLAN,VT2P-RIB,FORTIVENT PLUS,91FE6155,CN CP5570V-91FE6155,44,S,21
1100043165250,PLEASANT RIDGE SEED HUB,6951932,20210305,  1100013764377,1875592,TOP-NOTCH FARMS,CORN,2021,BG,00884464789776,CN CP5115SS/RIB FPCPRCB50,CN CP5115S,CROPLAN,SS-RIB,FORTIVENT PLUS,01FM6074B,CN CP5115S-01FM6074B,50,D,1
1100043165250,PLEASANT RIDGE SEED HUB,6951932,20210305,  1100013764377,1875592,TOP-NOTCH FARMS,CORN,2021,BG,00884464789776,CN CP5115SS/RIB FPCPRCB50,CN CP5115S,CROPLAN,SS-RIB,FORTIVENT PLUS,01FM6074B,CN CP5115S-01FM6074B,50,D,5
1100043165250,PLEASANT RIDGE SEED HUB,6951932,20210305,  1100013764377,1875592,TOP-NOTCH FARMS,CORN,2021,BG,00884464789776,CN CP5115SS/RIB FPCPRCB50,CN CP5115S,CROPLAN,SS-RIB,FORTIVENT PLUS,01FM6074B,CN CP5115S-01FM6074B,50,D,9
1100043165250,PLEASANT RIDGE SEED HUB,6951932,20210305,  1100013764377,1875592,TOP-NOTCH FARMS,CORN,2021,BG,00884464789776,CN CP5115SS/RIB FPCPRCB50,CN CP5115S,CROPLAN,SS-RIB,FORTIVENT PLUS,01FM6074B,CN CP5115S-01FM6074B,50,D,13
1100043165250,PLEASANT RIDGE SEED HUB,6951932,20210305,  1100013764377,1875592,TOP-NOTCH FARMS,CORN,2021,BG,00884464789776,CN CP5115SS/RIB FPCPRCB50,CN CP5115S,CROPLAN,SS-RIB,FORTIVENT PLUS,01FM6074B,CN CP5115S-01FM6074B,50,D,17
1100043165250,PLEASANT RIDGE SEED HUB,6951932,20210305,  1100013764377,1875592,TOP-NOTCH FARMS,CORN,2021,BG,00884464789776,CN CP5115SS/RIB FPCPRCB50,CN CP5115S,CROPLAN,SS-RIB,FORTIVENT PLUS,01FM6074B,CN CP5115S-01FM6074B,50,D,21
1100043165250,PLEASANT RIDGE SEED HUB,6951932,20210305,  1100013764377,1875592,TOP-NOTCH FARMS,CORN,2021,BG,00884464752947,CN CP4444VT2P/RIB FPCPR2CB50,CN CP4444V,CROPLAN,VT2P-RIB,FORTIVENT PLUS,01FV4039B,CN CP4444V-01FV4039B,50,D,25
1100043165250,PLEASANT RIDGE SEED HUB,6951932,20210305,  1100013764377,1875592,TOP-NOTCH FARMS,CORN,2021,BG,00884464752947,CN CP4444VT2P/RIB FPCPR2CB50,CN CP4444V,CROPLAN,VT2P-RIB,FORTIVENT PLUS,01FV4039B,CN CP4444V-01FV4039B,50,D,29
1100043165250,PLEASANT RIDGE SEED HUB,6951932,20210305,  1100013764377,1875592,TOP-NOTCH FARMS,CORN,2021,BG,00884464768825,CN CP5550VT2P/RIB FPCPFCB50,CN CP5550V,CROPLAN,VT2P-RIB,FORTIVENT PLUS,01FE5044B,CN CP5550V-01FE5044B,50,D,33
1100043165250,PLEASANT RIDGE SEED HUB,6951932,20210305,  1100013764377,1875592,TOP-NOTCH FARMS,CORN,2021,BG,00884464768825,CN CP5550VT2P/RIB FPCPFCB50,CN CP5550V,CROPLAN,VT2P-RIB,FORTIVENT PLUS,01FE5044B,CN CP5550V-01FE5044B,50,D,37
1100043165250,PLEASANT RIDGE SEED HUB,6951932,20210305,  1100013764377,1875592,TOP-NOTCH FARMS,CORN,2021,BG,00884464768825,CN CP5550VT2P/RIB FPCPFCB50,CN CP5550V,CROPLAN,VT2P-RIB,FORTIVENT PLUS,01FE5044B,CN CP5550V-01FE5044B,50,D,41
1100043165250,PLEASANT RIDGE SEED HUB,6951932,20210305,  1100013764377,1875592,TOP-NOTCH FARMS,CORN,2021,BG,00884464768825,CN CP5550VT2P/RIB FPCPFCB50,CN CP5550V,CROPLAN,VT2P-RIB,FORTIVENT PLUS,01FE5044B,CN CP5550V-01FE5044B,50,D,45
1100043165250,PLEASANT RIDGE SEED HUB,6951932,20210305,  1100013764377,1875592,TOP-NOTCH FARMS,CORN,2021,BG,00884464753531,CN CP5073SS/RIB FPCPFCB50,CN CP5073S,CROPLAN,SS-RIB,FORTIVENT PLUS,91FA5077B,CN CP5073S-91FA5077B,50,D,49
1100043165250,PLEASANT RIDGE SEED HUB,6951932,20210305,  1100013764377,1875592,TOP-NOTCH FARMS,CORN,2021,BG,00884464753531,CN CP5073SS/RIB FPCPFCB50,CN CP5073S,CROPLAN,SS-RIB,FORTIVENT PLUS,91FA5077B,CN CP5073S-91FA5077B,50,D,53
1100043165250,PLEASANT RIDGE SEED HUB,6951932,20210305,  1100013764377,1875592,TOP-NOTCH FARMS,CORN,2021,BG,00884464753531,CN CP5073SS/RIB FPCPFCB50,CN CP5073S,CROPLAN,SS-RIB,FORTIVENT PLUS,91FA5077B,CN CP5073S-91FA5077B,50,D,57
1100043165250,PLEASANT RIDGE SEED HUB,6951932,20210305,  1100013764377,1875592,TOP-NOTCH FARMS,CORN,2021,BG,00884464753531,CN CP5073SS/RIB FPCPFCB50,CN CP5073S,CROPLAN,SS-RIB,FORTIVENT PLUS,91FA5077B,CN CP5073S-91FA5077B,50,D,61
1100043165250,PLEASANT RIDGE SEED HUB,6951932,20210305,  1100013764377,1875592,TOP-NOTCH FARMS,CORN,2021,BG,00884464753531,CN CP5073SS/RIB FPCPFCB50,CN CP5073S,CROPLAN,SS-RIB,FORTIVENT PLUS,91FA5077B,CN CP5073S-91FA5077B,50,D,65
1100043165250,PLEASANT RIDGE SEED HUB,6951932,20210305,  1100013764377,1875592,TOP-NOTCH FARMS,CORN,2021,BG,00884464753531,CN CP5073SS/RIB FPCPFCB50,CN CP5073S,CROPLAN,SS-RIB,FORTIVENT PLUS,91FA5077B,CN CP5073S-91FA5077B,50,D,69
1100043165250,PLEASANT RIDGE SEED HUB,6951932,20210305,  1100013764377,1875592,TOP-NOTCH FARMS,CORN,2021,BG,00884464754231,CN CP5335SS/RIB FPCPF2CB50,CN CP5335S,CROPLAN,SS-RIB,FORTIVENT PLUS,01FM3066B,CN CP5335S-01FM3066B,50,D,73
1100043165250,PLEASANT RIDGE SEED HUB,6951932,20210305,  1100013764377,1875592,TOP-NOTCH FARMS,CORN,2021,BG,00884464754231,CN CP5335SS/RIB FPCPF2CB50,CN CP5335S,CROPLAN,SS-RIB,FORTIVENT PLUS,01FM3066B,CN CP5335S-01FM3066B,50,D,77
1100043165250,PLEASANT RIDGE SEED HUB,6951932,20210305,  1100013764377,1875592,TOP-NOTCH FARMS,CORN,2021,BG,00884464754231,CN CP5335SS/RIB FPCPF2CB50,CN CP5335S,CROPLAN,SS-RIB,FORTIVENT PLUS,01FM3066B,CN CP5335S-01FM3066B,50,D,81
1100043165250,PLEASANT RIDGE SEED HUB,6951932,20210305,  1100013764377,1875592,TOP-NOTCH FARMS,CORN,2021,BG,00884464753401,CN CP4997VT2P/RIB FPCPFCB50,CN CP4997V,CROPLAN,VT2P-RIB,FORTIVENT PLUS,01FV5046CB,CN CP4997V-01FV5046CB,50,D,85
1100043165250,PLEASANT RIDGE SEED HUB,6951932,20210305,  1100013764377,1875592,TOP-NOTCH FARMS,CORN,2021,BG,00884464753401,CN CP4997VT2P/RIB FPCPFCB50,CN CP4997V,CROPLAN,VT2P-RIB,FORTIVENT PLUS,01FV5046CB,CN CP4997V-01FV5046CB,50,D,89
1100043165250,PLEASANT RIDGE SEED HUB,6951932,20210305,  1100013764377,1875592,TOP-NOTCH FARMS,CORN,2021,BG,00884464753401,CN CP4997VT2P/RIB FPCPFCB50,CN CP4997V,CROPLAN,VT2P-RIB,FORTIVENT PLUS,01FV5046CB,CN CP4997V-01FV5046CB,50,D,93
1100043165250,PLEASANT RIDGE SEED HUB,6951932,20210305,  1100013764377,1875592,TOP-NOTCH FARMS,CORN,2021,BG,00884464753449,CN CP4997VT2P/RIB FPCPF2CB50,CN CP4997V,CROPLAN,VT2P-RIB,FORTIVENT PLUS,01FV3044CB,CN CP4997V-01FV3044CB,50,D,97
1100043165250,PLEASANT RIDGE SEED HUB,6951932,20210305,  1100013764377,1875592,TOP-NOTCH FARMS,CORN,2021,BG,00884464753210,CN CP4676SS/RIB FPCPF2CB45,CN CP4676S,CROPLAN,SS-RIB,FORTIVENT PLUS,01FE3025CB,CN CP4676S-01FE3025CB,45,D,101
1100043165250,PLEASANT RIDGE SEED HUB,6951932,20210305,  1100013764377,1875592,TOP-NOTCH FARMS,CORN,2021,BG,00884464753210,CN CP4676SS/RIB FPCPF2CB45,CN CP4676S,CROPLAN,SS-RIB,FORTIVENT PLUS,01FE3025CB,CN CP4676S-01FE3025CB,45,D,105
1100043165250,PLEASANT RIDGE SEED HUB,6951932,20210305,  1100013764377,1875592,TOP-NOTCH FARMS,CORN,2021,UN,00888346579172,DKC62-52RIB AF2 SS SP50 ELT500 B-E,DKC62-52RI,DEKALB,SS-RIB,ACCELERON500+B300+ENHANCED DIS,H21YLD9JX,DKC62-52RI-H21YLD9JX,50,D,109
1100043165250,PLEASANT RIDGE SEED HUB,6951932,20210305,  1100013764377,1875592,TOP-NOTCH FARMS,CORN,2021,UN,00888346579172,DKC62-52RIB AF2 SS SP50 ELT500 B-E,DKC62-52RI,DEKALB,SS-RIB,ACCELERON500+B300+ENHANCED DIS,H21YLD9JX,DKC62-52RI-H21YLD9JX,50,D,113
1100043165250,PLEASANT RIDGE SEED HUB,6951932,20210305,  1100013764377,1875592,TOP-NOTCH FARMS,CORN,2021,UN,00888346579172,DKC62-52RIB AF2 SS SP50 ELT500 B-E,DKC62-52RI,DEKALB,SS-RIB,ACCELERON500+B300+ENHANCED DIS,H21YLD9JX,DKC62-52RI-H21YLD9JX,50,D,117
1100043165250,PLEASANT RIDGE SEED HUB,6951932,20210305,  1100013764377,1875592,TOP-NOTCH FARMS,CORN,2021,UN,00888346579172,DKC62-52RIB AF2 SS SP50 ELT500 B-E,DKC62-52RI,DEKALB,SS-RIB,ACCELERON500+B300+ENHANCED DIS,H21YLD9JX,DKC62-52RI-H21YLD9JX,50,D,121
1100043165250,PLEASANT RIDGE SEED HUB,6951932,20210305,  1100013764377,1875592,TOP-NOTCH FARMS,CORN,2021,UN,00888346579172,DKC62-52RIB AF2 SS SP50 ELT500 B-E,DKC62-52RI,DEKALB,SS-RIB,ACCELERON500+B300+ENHANCED DIS,786WYK4JX,DKC62-52RI-786WYK4JX,50,D,125
1100043165250,PLEASANT RIDGE SEED HUB,6951932,20210305,  1100013764377,1875592,TOP-NOTCH FARMS,CORN,2021,UN,00888346579172,DKC62-52RIB AF2 SS SP50 ELT500 B-E,DKC62-52RI,DEKALB,SS-RIB,ACCELERON500+B300+ENHANCED DIS,769WNH9JX,DKC62-52RI-769WNH9JX,50,D,129
1100043165250,PLEASANT RIDGE SEED HUB,6951932,20210305,  1100013764377,1875592,TOP-NOTCH FARMS,CORN,2021,UN,00190794183635,DKC63-90RIB AF SS RIB SP50 ELT500 B-E,DKC63-90RI,DEKALB,SSPRIB,ACCELERON500+B300+ENHANCED DIS,H21HCC4JX,DKC63-90RI-H21HCC4JX,50,D,133
1100043165250,PLEASANT RIDGE SEED HUB,6951932,20210305,  1100013764377,1875592,TOP-NOTCH FARMS,CORN,2021,UN,00190794183697,DKC63-90RIB AF2 SS RIB SP50 ELT500 B-E,DKC63-90RI,DEKALB,SSPRIB,ACCELERON500+B300+ENHANCED DIS,H21NRW3JX,DKC63-90RI-H21NRW3JX,50,D,137
1100043165250,PLEASANT RIDGE SEED HUB,6951932,20210305,  1100013764377,1875592,TOP-NOTCH FARMS,CORN,2021,UN,00190794183697,DKC63-90RIB AF2 SS RIB SP50 ELT500 B-E,DKC63-90RI,DEKALB,SSPRIB,ACCELERON500+B300+ENHANCED DIS,H21NRW3JX,DKC63-90RI-H21NRW3JX,50,D,141
1100043165250,PLEASANT RIDGE SEED HUB,6951932,20210305,  1100013764377,1875592,TOP-NOTCH FARMS,CORN,2021,UN,00190794182959,DKC61-40RIB AF SS RIB SP50 ELT500 B-E,DKC61-40RI,DEKALB,SSPRIB,ACCELERON500+B300+ENHANCED DIS,H39YA14JX,DKC61-40RI-H39YA14JX,50,D,145
1100043165250,PLEASANT RIDGE SEED HUB,6951932,20210305,  1100013764377,1875592,TOP-NOTCH FARMS,CORN,2021,UN,00190794182959,DKC61-40RIB AF SS RIB SP50 ELT500 B-E,DKC61-40RI,DEKALB,SSPRIB,ACCELERON500+B300+ENHANCED DIS,H39YA14JX,DKC61-40RI-H39YA14JX,50,D,149
1100043165250,PLEASANT RIDGE SEED HUB,6951932,20210305,  1100013764377,1875592,TOP-NOTCH FARMS,CORN,2021,UN,00190794182959,DKC61-40RIB AF SS RIB SP50 ELT500 B-E,DKC61-40RI,DEKALB,SSPRIB,ACCELERON500+B300+ENHANCED DIS,H39YA14JX,DKC61-40RI-H39YA14JX,50,D,153
1100043165250,PLEASANT RIDGE SEED HUB,6951932,20210305,  1100013764377,1875592,TOP-NOTCH FARMS,CORN,2021,UN,00888346814167,DKC58-34RIB AF2 SS SP50 ELT500 B-E,DKC58-34RI,DEKALB,SS-RIB,ACCELERON500+B300+ENHANCED DIS,762WHD3JX,DKC58-34RI-762WHD3JX,50,D,157
1100043165250,PLEASANT RIDGE SEED HUB,6951932,20210305,  1100013764377,1875592,TOP-NOTCH FARMS,CORN,2021,UN,00888346814167,DKC58-34RIB AF2 SS SP50 ELT500 B-E,DKC58-34RI,DEKALB,SS-RIB,ACCELERON500+B300+ENHANCED DIS,762WHD3JX,DKC58-34RI-762WHD3JX,50,D,161
1100043165250,PLEASANT RIDGE SEED HUB,6951932,20210305,  1100013764377,1875592,TOP-NOTCH FARMS,CORN,2021,UN,00888346814167,DKC58-34RIB AF2 SS SP50 ELT500 B-E,DKC58-34RI,DEKALB,SS-RIB,ACCELERON500+B300+ENHANCED DIS,762WHD3JX,DKC58-34RI-762WHD3JX,50,D,165
1100043165250,PLEASANT RIDGE SEED HUB,6951933,20210305,  1100013764377,1875592,TOP-NOTCH FARMS,CORN,2021,BG,00194697074953,B15B75SX  F1  50-80MK PBX MID IST,B15B75SX,BREVANT,SX,MID IST,B3WHI13000-N,B15B75SX-B3WHI13000-N,50,D,1
1100043165250,PLEASANT RIDGE SEED HUB,6951933,20210305,  1100013764377,1875592,TOP-NOTCH FARMS,CORN,2021,BG,00194697074953,B15B75SX  F1  50-80MK PBX MID IST,B15B75SX,BREVANT,SX,MID IST,B3WHI13000-N,B15B75SX-B3WHI13000-N,50,D,2
1100043165250,PLEASANT RIDGE SEED HUB,6951933,20210305,  1100013764377,1875592,TOP-NOTCH FARMS,CORN,2021,BG,00194697071235,B14T87SX  F1  80MK MID IST,B14T87SX,BREVANT,SX,MID IST,4725265,B14T87SX-4725265,143,D,4
1100043165250,PLEASANT RIDGE SEED HUB,6951933,20210305,  1100013764377,1875592,TOP-NOTCH FARMS,CORN,2021,BG,00194697074892,B15B75SX  F1  80MK MID IST,B15B75SX,BREVANT,SX,MID IST,B3WHI13000-N,B15B75SX-B3WHI13000-N,28,D,5
1100062350958,MENTONE SEED CENTER,6162987,20210310,  1100069440287,4051435,ENYEART CHASE,CORN,2021,BG,00884464611725,CN CP6594VT2P/RIB ACCPF280M,CN CP6594V,CROPLAN,VT2P-RIB,ACCELERON,71AA3618,CN CP6594V-71AA3618,14,D,1
1100062350958,MENTONE SEED CENTER,6162987,20210310,  1100069440287,4051435,ENYEART CHASE,CORN,2021,BG,00190794139915,DKC63-57RIB AF2 VT2P 80M ELT500 B-E,DKC63-57RI,DEKALB,VT2P-RIB,500+B360+ENHANCED DISEASE,H35YVC3JX,DKC63-57RI-H35YVC3JX,14,D,5
1100062350958,MENTONE SEED CENTER,6162987,20210310,  1100069440287,4051435,ENYEART CHASE,CORN,2021,BG,00194697049258,B10R89AM  F1  80MK MID IST,B10R89AM,BREVANT,AM,MID IST,4512585,B10R89AM-4512585,12,D,10
1100062350958,MENTONE SEED CENTER,6162988,20210310,  1100065195037,4051471,ENYEART JERRY/CHAS V,CORN,2021,BG,00190794139922,DKC63-57RIB AR2 VT2P 80M ELT500 B-E,DKC63-57RI,DEKALB,VT2P-RIB,500+B360+ENHANCED DISEASE,H35YWV3JX,DKC63-57RI-H35YWV3JX,8,D,1
1100062350958,MENTONE SEED CENTER,6162988,20210310,  1100065195037,4051471,ENYEART JERRY/CHAS V,CORN,2021,BG,00888346314025,DKC62-20RIB AR2 VT2P 80M BAS250 B,DKC62-20RI,DEKALB,VT2P-RIB,ACCELERON 250+B300,H35TJY9JX,DKC62-20RI-H35TJY9JX,8,D,6
1100062350958,MENTONE SEED CENTER,6162988,20210310,  1100065195037,4051471,ENYEART JERRY/CHAS V,CORN,2021,BG,00884464754460,CN CP5335VT2P/RIB FPCPR80M,CN CP5335V,CROPLAN,VT2P-RIB,FORTIVENT PLUS,01FE6052,CN CP5335V-01FE6052,8,D,11
1100062350958,MENTONE SEED CENTER,6162988,20210310,  1100065195037,4051471,ENYEART JERRY/CHAS V,CORN,2021,BG,00194697049272,B10R89AM  R2  80MK Mid Ist,B10R89AM,BREVANT,AM,MID IST,4664157,B10R89AM-4664157,8,D,15
1100062350958,MENTONE SEED CENTER,6162970,20210305,  1100017615934,4095345,WARPUP BRIAN,CORN,2021,BG,00190794183086,DKC61-40RIB AR SS RIB 80M ELT500 B-E,DKC61-40RI,DEKALB,SSPRIB,ACCELERON500+B300+ENHANCED DIS,H39Y399JX,DKC61-40RI-H39Y399JX,86,D,1
1100062350958,MENTONE SEED CENTER,6162970,20210305,  1100017615934,4095345,WARPUP BRIAN,CORN,2021,BG,00190794183086,DKC61-40RIB AR SS RIB 80M ELT500 B-E,DKC61-40RI,DEKALB,SSPRIB,ACCELERON500+B300+ENHANCED DIS,H35T1W9JX,DKC61-40RI-H35T1W9JX,10,D,6
1100062350958,MENTONE SEED CENTER,6162970,20210305,  1100017615934,4095345,WARPUP BRIAN,CORN,2021,BG,00190794334563,DKC64-64RIB AR SS RIB 80M ELT500 B-E,DKC64-64RI,DEKALB,SSPRIB,ACCELERON500+B300+ENHANCED DIS,H39YT19JX,DKC64-64RI-H39YT19JX,94,D,11
1100062350958,MENTONE SEED CENTER,6162970,20210305,  1100017615934,4095345,WARPUP BRIAN,CORN,2021,BG,00190794334563,DKC64-64RIB AR SS RIB 80M ELT500 B-E,DKC64-64RI,DEKALB,SSPRIB,ACCELERON500+B300+ENHANCED DIS,H39YCT4JX,DKC64-64RI-H39YCT4JX,50,D,16
1100062350958,MENTONE SEED CENTER,6162970,20210305,  1100017615934,4095345,WARPUP BRIAN,CORN,2021,BG,00190794181099,DKC54-64RIB AF2 SS 80M ELT500 B-E,DKC54-64RI,DEKALB,SS-RIB,ACCELERON500+B300+ENHANCED DIS,H35TN37JX,DKC54-64RI-H35TN37JX,16,D,21
1100062350958,MENTONE SEED CENTER,6162970,20210305,  1100017615934,4095345,WARPUP BRIAN,CORN,2021,BG,00888346576683,DKC55-84RIB AF2 SS 80M BAS500 B,DKC55-84RI,DEKALB,SS-RIB,ACCELERON 500+B300,H35TLT7JT,DKC55-84RI-H35TLT7JT,34,D,26
1100062350958,MENTONE SEED CENTER,6162970,20210305,  1100017615934,4095345,WARPUP BRIAN,CORN,2021,BG,00888346576683,DKC55-84RIB AF2 SS 80M BAS500 B,DKC55-84RI,DEKALB,SS-RIB,ACCELERON 500+B300,H18HTR3JT,DKC55-84RI-H18HTR3JT,94,D,31
1100062350958,MENTONE SEED CENTER,6162970,20210305,  1100017615934,4095345,WARPUP BRIAN,CORN,2021,BG,00190794139915,DKC63-57RIB AF2 VT2P 80M ELT500 B-E,DKC63-57RI,DEKALB,VT2P-RIB,500+B360+ENHANCED DISEASE,H35YVC3JX,DKC63-57RI-H35YVC3JX,144,D,36
1100062350958,MENTONE SEED CENTER,6162978,20210309,  1100069739312,4622090,HERD FARMS INC,CORN,2021,BG,00888346317125,DKC64-35RIB AR2 VT2P 80M ELT250 B-E,DKC64-35RI,DEKALB,VT2P-RIB,ACCELERON250+B300+ENHANCED DIS,H35TWT7JX,DKC64-35RI-H35TWT7JX,13,D,1
1100062350958,MENTONE SEED CENTER,6162978,20210309,  1100069739312,4622090,HERD FARMS INC,CORN,2021,BG,00888346317125,DKC64-35RIB AR2 VT2P 80M ELT250 B-E,DKC64-35RI,DEKALB,VT2P-RIB,ACCELERON250+B300+ENHANCED DIS,H35TWT7JX,DKC64-35RI-H35TWT7JX,6,D,6
1100062350958,MENTONE SEED CENTER,6162979,20210309,  1100065229411,4684125,HERD AGRI-ENTERPRISES INC,CORN,2021,UN,00883580842204,DKC64-89RIB AF VT2P SP50 BAS250,DKC64-89RI,DEKALB,VT2P-RIB,ACCELERON 250,757JRJ4JX,DKC64-89RI-757JRJ4JX,150,D,1
1100062350958,MENTONE SEED CENTER,6162979,20210309,  1100065229411,4684125,HERD AGRI-ENTERPRISES INC,CORN,2021,UN,00883580842204,DKC64-89RIB AF VT2P SP50 BAS250,DKC64-89RI,DEKALB,VT2P-RIB,ACCELERON 250,786WJJ9JX,DKC64-89RI-786WJJ9JX,150,D,6
1100062350958,MENTONE SEED CENTER,6162979,20210309,  1100065229411,4684125,HERD AGRI-ENTERPRISES INC,CORN,2021,UN,00190794180320,DKC53-27RIB AR2 SS RIB SP45 ELT500 B-E,DKC53-27RI,DEKALB,SSPRIB,ACCELERON500+B300+ENHANCED DIS,769WFF4JX,DKC53-27RI-769WFF4JX,45,D,11
1100062350958,MENTONE SEED CENTER,6162979,20210309,  1100065229411,4684125,HERD AGRI-ENTERPRISES INC,CORN,2021,BG,00190794180207,DKC53-27RIB AR2 SS RIB 80M ELT500 B-E,DKC53-27RI,DEKALB,SSPRIB,ACCELERON500+B300+ENHANCED DIS,769WXL4JX,DKC53-27RI-769WXL4JX,5,D,16
1100062350958,MENTONE SEED CENTER,6162979,20210309,  1100065229411,4684125,HERD AGRI-ENTERPRISES INC,CORN,2021,UN,00190794335218,DKC60-80RIB AR VT2P SP50U ELT500 B-E,DKC60-80RI,DEKALB,VT2P-RIB,500+B360+ENHANCED DISEASE,H21N4M7JX,DKC60-80RI-H21N4M7JX,100,D,21
1100062350958,MENTONE SEED CENTER,6162979,20210309,  1100065229411,4684125,HERD AGRI-ENTERPRISES INC,CORN,2021,UN,00190794191579,DKC61-41RIB AF2 VT2P SP50 ELT500 B-E,DKC61-41RI,DEKALB,VT2P-RIB,500+B360+ENHANCED DISEASE,H38YRT7JX,DKC61-41RI-H38YRT7JX,100,D,26
1100062350958,MENTONE SEED CENTER,6162979,20210309,  1100065229411,4684125,HERD AGRI-ENTERPRISES INC,CORN,2021,BG,00190794139922,DKC63-57RIB AR2 VT2P 80M ELT500 B-E,DKC63-57RI,DEKALB,VT2P-RIB,500+B360+ENHANCED DISEASE,H35Y3L9JX,DKC63-57RI-H35Y3L9JX,100,D,31
1100064515607,FREMONT AGRONOMY,1061298,20210310,  1100013672122,5156601,SNIDER FARMS LLC,CORN,2021,BG,00884464502917,CN CP3499VT2P/RIB ACCPRCB50,CN CP3499V,CROPLAN,VT2P-RIB,ACCELERON,81AE6347B,CN CP3499V-81AE6347B,50,S,1
1100064515607,FREMONT AGRONOMY,1061299,20210310,  1100013672122,5156601,SNIDER FARMS LLC,CORN,2021,BG,00884464632713,CN CP3314VT2P/RIB ACCPFCB50,CN CP3314V,CROPLAN,VT2P-RIB,ACCELERON,91AE5336CB,CN CP3314V-91AE5336CB,100,S,1
1100064515607,FREMONT AGRONOMY,1061300,20210310,  1100013672122,5156601,SNIDER FARMS LLC,CORN,2021,BG,00884464749251,CN CP3575VT2P/RIB FPCPRCB50,CN CP3575V,CROPLAN,VT2P-RIB,FORTIVENT PLUS,01FE6073CB,CN CP3575V-01FE6073CB,150,S,1
1100071477097,MCBAIN AGRONOMY,58,20210202,  1100020339469,5110446,BREUKER DAIRY ( CROPS ),CORN,2021,BG,00190794147262,DKC44-80RIB AF2 VT2P 80M ELT500 B-E,DKC44-80RI,DEKALB,VT2P-RIB,500+B360+ENHANCED DISEASE,H37TMJ3JX,DKC44-80RI-H37TMJ3JX,12,D,1
1100071477097,MCBAIN AGRONOMY,54,20210202,  1100013672122,5156601,SNIDER FARMS LLC,CORN,2021,UN,00190794147323,DKC44-80RIB AR VT2P SP50 ELT500 B-E,DKC44-80RI,DEKALB,VT2P-RIB,500+B360+ENHANCED DISEASE,746WWA7JX,DKC44-80RI-746WWA7JX,50,D,1
1100071477097,MCBAIN AGRONOMY,54,20210202,  1100013672122,5156601,SNIDER FARMS LLC,CORN,2021,UN,00190794147149,DKC42-05RIB AF VT2P SP50 ELT500 B-E,DKC42-05RI,DEKALB,VT2P-RIB,500+B360+ENHANCED DISEASE,H18YRJ9JX,DKC42-05RI-H18YRJ9JX,100,D,6
1100071477097,MCBAIN AGRONOMY,70,20210310,  1100013672122,5156601,SNIDER FARMS LLC,CORN,2021,UN,00190794335072,DKC48-95RIB AR2 VT2P SP45 ELT500 B-E,DKC48-95RI,DEKALB,VT2P-RIB,500+B360+ENHANCED DISEASE,H38WCR7JX,DKC48-95RI-H38WCR7JX,45,S,1
